dataset,subject,n_bands,n_channels,n_trials,best_band,best_band_acc,acc_spread,band_acc,logvar_li_argmax,logvar_li_correct,logvar_li_rho,logvar_li_maxw,logvar_li_entropy,logvar_li_mi_max,logvar_li_acc_cost,logpower_argmax,logpower_correct,logpower_rho,logpower_maxw,logpower_entropy,logpower_mi_max,logpower_acc_cost,csp_argmax,csp_correct,csp_rho,csp_maxw,csp_entropy,csp_mi_max,csp_acc_cost
BNCI2014-001,1,7,22,288,2,0.8747126436781609,0.256745311554749,0.7054;0.7361;0.8747;0.6180;0.7325;0.8613;0.6668,2,1,-0.07142857142857144,0.38811547672255114,1.6866751128775925,0.03046025697355163,0.0,0,0,0.28571428571428575,0.19643510246992513,1.9253118487477208,0.01585080603185726,0.16926799758015731,2,1,0.9642857142857145,0.7950103769507854,0.7233521225215809,0.14478531632922284,0.0
BNCI2014-001,2,7,22,288,3,0.6283726557773744,0.13242589231699942,0.5521;0.5798;0.6005;0.6284;0.5555;0.4959;0.5034,4,0,0.396412483586046,0.5422503468919763,1.4786674172718894,0.036877813134172564,0.0728372655777374,5,0,-0.07142857142857144,0.27141793028026845,1.8761120624042782,0.023440663864917447,0.13242589231699942,2,0,0.5,0.4257409191885562,1.6504807833457211,0.050589869170378554,0.027828191167574068
BNCI2014-001,3,7,22,288,1,0.961826981246219,0.3683000604960678,0.6184;0.9618;0.7779;0.6388;0.8749;0.5935;0.6147,3,0,0.5357142857142858,0.2518504711137875,1.895098943024132,0.01697413223522304,0.32304900181488216,1,1,0.5357142857142858,0.31290082800132646,1.8143084479012668,0.030210111057049484,0.0,1,1,0.8571428571428573,0.9988663993614113,0.009288588801374387,0.23584802259657306,0.0
BNCI2014-001,4,7,22,288,3,0.7536600120992135,0.24652147610405317,0.5869;0.6738;0.6703;0.7537;0.5906;0.6216;0.5071,1,0,0.42857142857142866,0.3016732857699034,1.7321734232808712,0.02958443684059205,0.07985480943738654,1,0,0.6071428571428572,0.23110692329579735,1.9130610383836983,0.018026796314981518,0.07985480943738654,1,0,0.8214285714285715,0.28223533112414056,1.7058450757081038,0.07199243913253936,0.07985480943738654
BNCI2014-001,5,7,22,288,6,0.8853599516031458,0.39915305505142173,0.6982;0.5588;0.5729;0.5868;0.4862;0.6392;0.8854,3,0,-0.6785714285714287,0.5478473123530418,1.4682035185288118,0.037419665677659086,0.29854809437386565,0,0,-0.21428571428571433,0.1781730951582686,1.9325362304660763,0.014262341260377641,0.18711433756805806,6,1,0.9642857142857145,0.9058811908848837,0.41007101735176954,0.11946018785780707,0.0
BNCI2014-001,6,7,22,288,5,0.6877797943133697,0.19110707803992744,0.5834;0.6629;0.5834;0.6252;0.6496;0.6878;0.4967,4,0,0.25,0.4057548826740478,1.5484417999334887,0.04318254717328163,0.038173018753780985,1,0,0.14285714285714288,0.18906329665011515,1.9245355797560537,0.016314863031967487,0.024863883847549895,1,0,0.5357142857142858,0.8034954043069166,0.8076728004941787,0.0947135442363645,0.024863883847549895
BNCI2014-001,7,7,22,288,0,0.9234724742891711,0.40653357531760426,0.9235;0.7290;0.6183;0.8192;0.7880;0.5939;0.5169,0,1,0.6785714285714287,0.3676273298483546,1.7291377455984376,0.03505715641919682,0.0,3,0,-0.21428571428571433,0.19051652661911697,1.9167573106671623,0.017173602882184634,0.10423472474289164,0,1,0.9642857142857145,0.8071591032408938,0.6763598591595655,0.14664534656874165,0.0
BNCI2014-001,8,7,22,288,1,0.9411978221415607,0.2811857229280095,0.7396;0.9412;0.7294;0.8786;0.8126;0.6600;0.7288,6,0,0.03571428571428572,0.4275996082746139,1.2899448092545946,0.04473002252079775,0.21240169388989705,1,1,0.8571428571428573,0.24641102060358466,1.8835476172275754,0.02270296397938496,0.0,1,1,0.7500000000000002,0.9994441631901451,0.005146205288524212,0.2534501893670376,0.0
BNCI2014-001,9,7,22,288,1,0.8434966727162735,0.22583182093163945,0.7051;0.8435;0.6177;0.7149;0.8053;0.6246;0.7152,4,0,0.6847124716486249,0.5816744142517265,0.9703822468374724,0.07492105994648209,0.038173018753781096,4,0,0.7857142857142859,0.8138395264976368,0.7722022801665503,0.06890205785975054,0.038173018753781096,4,0,0.9642857142857145,0.4868857260880394,0.841900594708432,0.15013526862964768,0.038173018753781096
BNCI2014-004,1,7,3,720,1,0.6958333333333333,0.2305555555555555,0.4653;0.6958;0.6375;0.5694;0.6347;0.5583;0.5278,2,0,0.642857142857143,0.33089355738340537,1.7129633435748919,0.03005083161964624,0.05833333333333335,5,0,0.5714285714285715,0.3471859568720501,1.6844265697850727,0.03534779902682961,0.13749999999999996,1,1,0.702731220902536,0.8046721852293001,0.6600365270785651,0.09527757913046364,0.0
BNCI2014-004,2,7,3,680,1,0.586764705882353,0.07794117647058829,0.5206;0.5868;0.5103;0.5088;0.5294;0.5632;0.5368,1,1,0.28571428571428575,0.3794950767643082,1.6400740360332797,0.028306560029435584,0.0,1,1,0.5,0.3529731648938904,1.730100921882365,0.029616167700555085,0.0,5,0,0.30631873731649006,0.4820085601995089,1.5767384566128055,0.03131947032303195,0.02352941176470591
BNCI2014-004,3,7,3,720,1,0.5597222222222222,0.09027777777777779,0.5000;0.5597;0.4694;0.5028;0.5319;0.5264;0.5278,4,0,0.5225437283634242,0.21843178056173587,1.908544364935137,0.012464223120754125,0.02777777777777779,0,0,0.07142857142857144,0.2357068972122486,1.8628006657526048,0.018440983343199546,0.05972222222222223,3,0,-0.5790660241435863,0.382133913460093,1.772116818235627,0.01975454551320066,0.056944444444444464
BNCI2014-004,4,7,3,740,1,0.9256756756756758,0.3810810810810811,0.6135;0.9257;0.6041;0.7054;0.7851;0.5446;0.5946,1,1,0.9642857142857145,0.9812714903309676,0.10260376975436848,0.14478205981958356,0.0,1,1,0.7500000000000002,0.8691169910862726,0.4718201792537678,0.0919098662896775,0.0,1,1,0.9642857142857145,0.9999999927004266,1.4418423388379107e-07,0.5214628743794112,0.0
BNCI2014-004,5,7,3,740,6,0.822972972972973,0.3013513513513514,0.5216;0.6486;0.6514;0.5703;0.6986;0.7770;0.8230,6,1,0.8928571428571429,0.9242875756613738,0.3202231512789889,0.11121162122609785,0.0,6,1,0.9642857142857145,0.6868561741181345,0.8409162203493817,0.07247804764494396,0.0,6,1,1.0,0.996523181847481,0.02316756317550055,0.30835291824779887,0.0
BNCI2014-004,6,7,3,720,2,0.7333333333333334,0.23611111111111116,0.4972;0.7069;0.7333;0.5486;0.6472;0.6639;0.5361,2,1,0.8571428571428573,0.7713151496582793,0.8938485174688949,0.07221470387507474,0.0,2,1,0.7387687194103584,0.8288270831401218,0.7266804700081837,0.06620921331229934,0.0,2,1,0.8571428571428573,0.9550877227237959,0.20608941452403196,0.18567793163759538,0.0
BNCI2014-004,7,7,3,720,2,0.7583333333333333,0.24722222222222212,0.5528;0.5889;0.7583;0.5278;0.6000;0.6431;0.5111,2,1,0.9285714285714288,0.7715079693740937,0.8916272887775814,0.05987942887121337,0.0,2,1,0.07142857142857144,0.4933128019622678,1.5865379475076986,0.03623718810712373,0.0,2,1,0.9549937104572924,0.9999940759924436,8.320934837569699e-05,0.22897005606541831,0.0
BNCI2014-004,8,7,3,760,1,0.7789473684210526,0.2684210526315789,0.5763;0.7789;0.5645;0.5105;0.6842;0.5211;0.6092,1,1,0.6071428571428572,0.9053775739704182,0.4508777789309816,0.0880144742436771,0.0,1,1,0.702731220902536,0.8202970343818908,0.6719828253184927,0.07879049152560073,0.0,1,1,0.8571428571428573,0.9980073426595396,0.014635162633689556,0.21288882903391226,0.0
BNCI2014-004,9,7,3,720,2,0.7333333333333334,0.2138888888888889,0.5472;0.7000;0.7333;0.6181;0.7083;0.7333;0.5194,5,0,0.7857142857142859,0.5174222977425555,1.3411264857323224,0.05749472436038124,1.1102230246251565e-16,4,0,0.642857142857143,0.24715053076105267,1.8016538055398046,0.03173851476582149,0.025000000000000022,5,0,0.8928571428571429,0.938348335477593,0.2838459405878913,0.2082842252568985,1.1102230246251565e-16
Lee2019-MI,1,7,62,100,1,0.6699999999999999,0.20999999999999996,0.4600;0.6700;0.6400;0.5100;0.4600;0.4700;0.5000,0,0,-0.7142857142857144,0.9130031049117304,0.44698487594936065,0.06896523810325372,0.20999999999999996,2,0,0.21428571428571433,0.1781855641743062,1.939901346432034,0.020277695324803266,0.029999999999999916,2,0,0.3214285714285715,0.9633099848733062,0.21311380969399238,0.19934064161708503,0.029999999999999916
Lee2019-MI,2,7,62,100,5,0.99,0.45999999999999996,0.5300;0.5500;0.5700;0.5400;0.8500;0.9900;0.6400,2,0,0.18018749253911182,0.6863802281628575,1.0224030887493119,0.056304707396717925,0.42000000000000004,5,1,0.8571428571428573,0.23266499275550767,1.8896664035414352,0.028200077807909136,0.0,5,1,0.9642857142857145,0.9988169736623459,0.0094473652579348,0.4431856831186417,0.0
Lee2019-MI,3,7,62,100,1,0.93,0.38,0.5500;0.9300;0.8700;0.5800;0.7600;0.7400;0.5700,2,0,0.3214285714285715,0.7129012068611846,1.0605047258767824,0.0624417893298046,0.060000000000000164,2,0,-0.28571428571428575,0.2801074604137449,1.8211915075266498,0.03356787484771401,0.060000000000000164,4,0,0.42857142857142866,0.5353893414734545,1.090776361255039,0.26826324791651357,0.17000000000000004
Lee2019-MI,4,7,62,100,2,0.8300000000000001,0.2300000000000001,0.6700;0.7400;0.8300;0.7200;0.6800;0.6000;0.6000,0,0,-0.792824967172092,0.3258950127240683,1.6231477853694056,0.03660231399032939,0.16000000000000003,2,1,0.4642857142857144,0.26221885895573877,1.7826757822691013,0.04032120872822426,0.0,2,1,0.7857142857142859,0.8121127569447638,0.6920205682823836,0.30637446061594054,0.0
Lee2019-MI,5,7,62,100,5,0.73,0.2899999999999999,0.4400;0.6700;0.6000;0.5100;0.6000;0.7300;0.5500,5,1,0.09009374626955591,0.4025314307878569,1.2555170813480312,0.058384004522020305,0.0,4,0,-0.3243374865704013,0.2139089664352107,1.9021028740637287,0.03111722618734538,0.13,5,1,0.9549937104572925,0.9918594487407435,0.04880176433652611,0.2982346507907293,0.0
Lee2019-MI,6,7,62,100,2,0.8200000000000001,0.33999999999999997,0.6600;0.6200;0.8200;0.4800;0.5000;0.5400;0.4800,1,0,0.41443123283995714,0.8799777865134265,0.5292894394165482,0.0821587839365056,0.19999999999999996,0,0,-0.01801874925391118,0.6201314693544285,1.3410330149526504,0.05391125077278851,0.16000000000000014,2,1,0.6847124716486249,0.9800350189101699,0.11155810729429852,0.29068434990578945,0.0
Lee2019-MI,7,7,62,100,1,0.72,0.21999999999999997,0.6100;0.7200;0.6500;0.5600;0.6300;0.6000;0.5000,5,0,-0.07142857142857144,0.9858611712712836,0.08352415478414195,0.163042240836216,0.1200000000000001,5,0,-0.5357142857142858,0.4801649570852522,1.5258321619259578,0.06889083358489072,0.1200000000000001,2,0,-0.03571428571428572,0.5609284804233943,1.1810946606287942,0.21510244885235788,0.06999999999999995
Lee2019-MI,8,7,62,100,2,0.7699999999999999,0.27999999999999986,0.6300;0.5400;0.7700;0.5200;0.5700;0.5000;0.4900,3,0,0.10811249552346709,0.8502662150685447,0.677333381618015,0.0586792402712506,0.2499999999999999,1,0,0.3214285714285715,0.30538212493469324,1.805264826019119,0.031904015908576604,0.22999999999999987,3,0,0.03571428571428572,0.8716520082118402,0.5700063227794425,0.1640434507590369,0.2499999999999999
Lee2019-MI,9,7,62,100,1,0.61,0.20999999999999996,0.4000;0.6100;0.5400;0.4300;0.4900;0.5400;0.5000,0,0,-0.7857142857142859,0.4126444895079092,1.7067838800345165,0.030602998491014183,0.20999999999999996,1,1,0.6785714285714287,0.29417491229862863,1.8551919816587268,0.03294156238306921,0.0,5,0,0.3214285714285715,0.5565773376698465,1.1380715053877002,0.31360893808449775,0.07000000000000006
Lee2019-MI,10,7,62,100,1,0.7200000000000001,0.22000000000000008,0.6700;0.7200;0.6100;0.5800;0.5900;0.5000;0.5300,4,0,0.25,0.34247771009932393,1.6392947098148194,0.05047223893924957,0.13,4,0,0.42857142857142866,0.24679860608070472,1.8907935504609472,0.03264135203525364,0.13,2,0,0.7500000000000002,0.6828527745135031,0.6566745223235937,0.2544395310675478,0.10999999999999999
Lee2019-MI,11,7,62,100,6,0.65,0.17000000000000004,0.6100;0.5900;0.5800;0.5500;0.4800;0.5200;0.6500,0,0,0.1785714285714286,0.44215520700772604,1.2843464302595846,0.04976914579686742,0.039999999999999925,1,0,-0.14285714285714288,0.30559722667928313,1.8387370284138924,0.03272852371961216,0.05999999999999994,1,0,0.42857142857142866,0.8434971530904383,0.47050115812048443,0.3125963319863363,0.05999999999999994
Lee2019-MI,12,7,62,100,1,0.76,0.20000000000000007,0.5900;0.7600;0.6300;0.6000;0.6100;0.5600;0.6000,4,0,0.4865062298556019,0.4369878739902004,1.5894496251024122,0.03959633760746558,0.15000000000000002,3,0,0.198206241793023,0.19944286801348432,1.8994425680314193,0.02456091628587762,0.16000000000000003,5,0,0.01801874925391118,0.6075082030522223,1.0567874730570925,0.22446475232897276,0.20000000000000007
Lee2019-MI,13,7,62,100,1,0.7799999999999999,0.31999999999999984,0.6300;0.7800;0.4600;0.4800;0.5500;0.6200;0.5600,5,0,0.25,0.4724387372373182,1.4958099855943885,0.045482159574170046,0.15999999999999992,6,0,-0.10714285714285716,0.21112884143922736,1.8951523084921655,0.026268300618590427,0.21999999999999997,3,0,-0.28571428571428575,0.5323166015077759,1.061423566253092,0.2533927676269946,0.29999999999999993
Lee2019-MI,14,7,62,100,4,0.63,0.15999999999999998,0.4800;0.4700;0.5600;0.5500;0.6300;0.5300;0.5600,2,0,0.3243374865704013,0.5882468579226385,1.1658784583018074,0.057715127103142715,0.06999999999999995,6,0,0.03603749850782236,0.297097296091105,1.850032384654046,0.03766103396312198,0.06999999999999995,4,1,0.5045249791095131,0.3824294159975146,1.4757313290440162,0.19139078851967536,0.0
Lee2019-MI,15,7,62,100,1,0.79,0.21999999999999997,0.6600;0.7900;0.6400;0.5700;0.6100;0.5700;0.6100,0,0,0.38188130791298674,0.8900090102713683,0.5396514064277693,0.09083753273826882,0.13000000000000012,5,0,-0.0363696483726654,0.19501331432995828,1.9046078226710108,0.04140688903531632,0.21999999999999997,1,1,0.2909571869813232,0.9939615581065651,0.045669931419659936,0.31248980655590214,0.0
Lee2019-MI,16,7,62,100,0,0.89,0.3699999999999999,0.8900;0.6000;0.5600;0.6200;0.6200;0.6800;0.5200,5,0,0.4865062298556019,0.2970545144725628,1.6112306715655134,0.04568187331988901,0.20999999999999996,2,0,0.12613124477737828,0.23383001177545257,1.8891069226118842,0.029695123249558232,0.32999999999999996,0,1,0.4865062298556019,0.5218130251865901,1.4067543782150507,0.17834493791514705,0.0
Lee2019-MI,17,7,62,100,4,0.69,0.21999999999999992,0.5200;0.5000;0.4700;0.5500;0.6900;0.6200;0.5100,3,0,0.07142857142857144,0.6769864385171253,1.062166302300774,0.06923896437697989,0.1399999999999999,0,0,-0.39285714285714296,0.27595361798829116,1.8719970924720832,0.029868250153087274,0.16999999999999993,4,1,0.39285714285714296,0.9358824383551702,0.25558866604873715,0.2678810793392904,0.0
Lee2019-MI,18,7,62,100,2,0.9200000000000002,0.4500000000000001,0.6400;0.7000;0.9200;0.4900;0.5600;0.7100;0.4700,2,1,0.7857142857142859,0.49865256976591615,1.4146179852957796,0.049431919569935166,0.0,5,0,0.8928571428571429,0.3262160852515261,1.820653002728992,0.03396190104866999,0.21000000000000008,2,1,0.42857142857142866,0.9903088234728294,0.06346679208592303,0.367173285661041,0.0
Lee2019-MI,19,7,62,100,1,0.6900000000000001,0.24000000000000005,0.5900;0.6900;0.5200;0.5700;0.6400;0.4500;0.4900,1,1,0.7567874686642697,0.8157025825407221,0.6441002569914493,0.08483742610044165,0.0,4,0,0.5714285714285715,0.22621820004413734,1.8774191433839544,0.02713529032764501,0.050000000000000044,0,0,0.3571428571428572,0.7440320658664805,0.7829901293763394,0.2787313538816711,0.09999999999999998
Lee2019-MI,20,7,62,100,3,0.66,0.1700000000000001,0.4900;0.6400;0.5600;0.6600;0.6300;0.5400;0.4900,2,0,-0.28571428571428575,0.405643890219383,1.6512303902272263,0.036317694409704705,0.09999999999999998,3,1,0.3571428571428572,0.18317842280022492,1.911064770556789,0.02570235050084616,0.0,0,0,-0.07142857142857144,0.9890015020401686,0.07035465411623308,0.2756447918908548,0.1700000000000001
Lee2019-MI,21,7,62,100,2,1.0,0.47,0.6300;0.6500;1.0000;0.5300;0.5700;0.7900;0.6400,6,0,-0.10714285714285716,0.8913370356511595,0.49074733871049414,0.08493953457561498,0.36,2,1,0.6071428571428572,0.9732571056476897,0.1681222345164,0.10738939309105847,0.0,2,1,0.5714285714285715,0.9938592105551763,0.038971027431835156,0.4414518819458092,0.0
Lee2019-MI,22,7,62,100,1,0.68,0.18000000000000005,0.6500;0.6800;0.5000;0.5100;0.5700;0.5400;0.5600,5,0,-0.07142857142857144,0.5902165038843405,1.3456328539695857,0.056063611951627644,0.14,0,0,0.25,0.22777603700402763,1.8899073296600704,0.0236981240631198,0.030000000000000027,2,0,-0.4642857142857144,0.8125518485027607,0.5217625458944637,0.3055352486846432,0.18000000000000005
Lee2019-MI,23,7,62,100,2,0.78,0.25,0.5400;0.7200;0.7800;0.7700;0.6300;0.7000;0.5300,3,0,0.03571428571428572,0.6727007601281008,1.1401718591830552,0.059241979879995466,0.010000000000000009,2,1,0.14285714285714288,0.18515919214953472,1.9202315829097305,0.024543148547163548,0.0,2,1,0.8571428571428573,0.7018644973220536,0.7294087508233975,0.3220095360601812,0.0
Lee2019-MI,24,7,62,100,1,0.65,0.17000000000000004,0.5000;0.6500;0.4800;0.5500;0.5400;0.5600;0.6100,4,0,0.03571428571428572,0.5775970192792087,1.1296071359132673,0.07312343502615663,0.10999999999999999,1,1,-0.07142857142857144,0.2427823756292459,1.870564677517379,0.03570802128658352,0.0,6,0,0.3214285714285715,0.6422889867936232,0.8523106453505978,0.32492842956734147,0.039999999999999925
Lee2019-MI,25,7,62,100,0,0.9800000000000001,0.22000000000000008,0.9800;0.8600;0.8500;0.7600;0.8200;0.8100;0.7900,4,0,0.14285714285714288,0.43456363137412857,1.6746464682332578,0.03355728216399837,0.16000000000000014,0,1,0.28571428571428575,0.22225383646143138,1.8859407337041303,0.03179670079575818,0.0,0,1,0.8214285714285715,0.9875295128764301,0.07618254926038145,0.389771349327885,0.0
Lee2019-MI,26,7,62,100,0,0.72,0.20999999999999996,0.7200;0.6800;0.5500;0.6100;0.5100;0.5400;0.5600,5,0,-0.21428571428571433,0.2926604799498977,1.7900103195556565,0.044732955074965476,0.17999999999999994,0,1,0.1785714285714286,0.18818286133663828,1.9033989862422458,0.028662893488324508,0.0,6,0,-0.1785714285714286,0.671888994119307,1.036763130169592,0.20811572273386678,0.16000000000000003
Lee2019-MI,27,7,62,100,1,0.7699999999999999,0.3199999999999999,0.7100;0.7700;0.6200;0.5600;0.5500;0.4500;0.5000,1,1,-0.03571428571428572,0.5944654745563099,1.327783049849819,0.06299847426148686,0.0,6,0,0.21428571428571433,0.23499796743981208,1.8899087522722149,0.036737528688354164,0.2699999999999999,1,1,0.7142857142857144,0.8144781333110791,0.6856204877899149,0.2324191455804206,0.0
Lee2019-MI,28,7,62,100,2,0.9700000000000001,0.44999999999999996,0.5400;0.8700;0.9700;0.5200;0.5900;0.6900;0.7000,0,0,-0.5714285714285715,0.8363316503188232,0.7081412461044426,0.07951097939899499,0.43000000000000016,2,1,0.03571428571428572,0.2879874100648616,1.851609759776453,0.03669941350819186,0.0,2,1,0.8928571428571429,0.7599919475348039,0.5521175522588879,0.393316594509983,0.0
Lee2019-MI,29,7,62,100,1,0.9800000000000001,0.02000000000000013,0.9600;0.9800;0.9700;0.9700;0.9700;0.9600;0.9600,6,0,-0.1928791874526149,0.8540536453310104,0.5115648865546774,0.2590354711693191,0.02000000000000013,4,0,-0.1543033499620919,0.4713525580450283,1.2351530978829448,0.15479595479641942,0.01000000000000012,6,0,-0.2700308624336608,0.5753980752516598,1.1085350065032644,0.611772024761956,0.02000000000000013
Lee2019-MI,30,7,62,100,5,0.74,0.16999999999999993,0.6200;0.7000;0.6900;0.5700;0.7200;0.7400;0.6200,3,0,-0.12613124477737828,0.3059644552295538,1.6574867172500936,0.03560191481892505,0.16999999999999993,2,0,-0.3243374865704013,0.2666967524406842,1.884490772091216,0.030436470322799877,0.050000000000000044,1,0,0.6306562238868914,0.9649999797879215,0.18415902426308356,0.2455455775870825,0.039999999999999925
Lee2019-MI,31,7,62,100,0,0.8400000000000001,0.27,0.8400;0.7000;0.6800;0.6300;0.5700;0.5900;0.7200,2,0,0.48650622985560193,0.29790627121999935,1.7777335803833827,0.029376657172662357,0.16000000000000003,4,0,-0.5,0.36641861231929623,1.7682002804760704,0.036930549894525794,0.27,2,0,0.42857142857142866,0.8650832909805923,0.5343361570803766,0.34549131063051464,0.16000000000000003
Lee2019-MI,32,7,62,100,2,0.9199999999999999,0.4499999999999999,0.4700;0.8100;0.9200;0.5900;0.5700;0.7600;0.5600,6,0,-0.5714285714285715,0.5915710406572837,1.2890822113243443,0.0574433881603984,0.36,2,1,0.39285714285714296,0.7098231498891023,1.0481509837744103,0.07002742350372361,0.0,2,1,0.8571428571428573,0.9594207489545108,0.19334639444194326,0.38580608701810337,0.0
Lee2019-MI,33,7,62,100,2,0.93,0.53,0.6100;0.7800;0.9300;0.5400;0.4000;0.5800;0.4300,5,0,0.21428571428571433,0.5544055222238132,1.429203448418493,0.040341698183708585,0.35,2,1,0.642857142857143,0.2378446080876694,1.8765473521082252,0.03185619828146792,0.0,2,1,0.8571428571428573,0.9579998405248317,0.21229535197805638,0.2728179502386342,0.0
Lee2019-MI,34,7,62,100,1,0.58,0.07999999999999996,0.5100;0.5800;0.5100;0.5100;0.5000;0.5000;0.5000,3,0,0.20583232685540792,0.6130610586772616,1.2933432668509701,0.05086182620383658,0.06999999999999995,4,0,-0.14969623771302396,0.1760060010097831,1.9204679343701245,0.02448806869478888,0.07999999999999996,5,0,-0.20583232685540792,0.5497811817036813,1.1956681236894011,0.17154960864227828,0.07999999999999985
Lee2019-MI,35,7,62,100,1,0.9400000000000001,0.2300000000000001,0.8400;0.9400;0.7100;0.8000;0.8000;0.7200;0.8000,1,1,0.37062465833055064,0.953095935668707,0.2485180842830751,0.10851600610603411,0.0,1,1,0.6300619191619361,0.200981012937887,1.9148011922637884,0.030482390169695207,0.0,4,0,-0.2594372608313854,0.574522994492824,1.2634883701229187,0.3385659043582041,0.14
Lee2019-MI,36,7,62,100,1,1.0,0.24,0.9400;1.0000;0.7600;0.9600;0.8600;0.7700;0.8700,6,0,-0.2594372608313854,0.3970542903914318,1.4013834463625843,0.04708380472182035,0.13000000000000012,1,1,0.42857142857142866,0.99437872226067,0.04347519083692901,0.14125589229963087,0.0,1,1,0.9285714285714288,0.9940603104025969,0.04259585643862826,0.4463626333085118,0.0
Lee2019-MI,37,7,62,100,2,0.9800000000000001,0.5000000000000001,0.4800;0.8500;0.9800;0.5500;0.6200;0.9100;0.6100,2,1,0.14285714285714288,0.525770145307363,1.4884478096950189,0.0445347149227302,0.0,2,1,0.7142857142857144,0.860506550527125,0.6254499738423591,0.08122509980186314,0.0,1,0,0.8928571428571429,0.5474604404455016,0.7981134232876383,0.4020584811509632,0.13000000000000012
Lee2019-MI,38,7,62,100,6,0.5800000000000001,0.13000000000000006,0.4500;0.5700;0.5000;0.4600;0.5700;0.5200;0.5800,1,0,0.12613124477737828,0.6862732973055096,1.0563488684735947,0.05922710906911929,0.010000000000000009,2,0,-0.4684874806016907,0.21716799391366381,1.903878237937256,0.02435277275619352,0.08000000000000007,5,0,-0.03603749850782236,0.3434778723067854,1.5344236170141674,0.3115743708693369,0.06000000000000005
Lee2019-MI,39,7,62,100,3,0.73,0.17999999999999994,0.6200;0.7200;0.6800;0.7300;0.6200;0.6200;0.5500,4,0,0.12613124477737828,0.4387671526481339,1.4148136508801932,0.04674503428746157,0.10999999999999999,4,0,-0.21622499104693418,0.22248565553725305,1.910776799103502,0.026801783915894897,0.10999999999999999,3,1,0.7748062179181807,0.8627051986631393,0.6079955615017177,0.22952541834835508,0.0
Lee2019-MI,40,7,62,100,0,0.6900000000000001,0.21000000000000008,0.6900;0.6100;0.6200;0.4800;0.5900;0.5300;0.5100,1,0,0.1785714285714286,0.7391696032652156,0.9612340994323422,0.06093218645990802,0.07999999999999996,1,0,-0.21428571428571433,0.2910346022496957,1.8435264378894682,0.031982511811427486,0.07999999999999996,3,0,-0.3214285714285715,0.49151934668206,1.3129831689610816,0.3149756619488745,0.21000000000000008
Lee2019-MI,41,7,62,100,3,0.69,0.16000000000000003,0.6300;0.5900;0.5600;0.6900;0.5300;0.5300;0.5800,1,0,-0.21622499104693418,0.6061293974724716,1.2577850664049155,0.05197401956602987,0.09999999999999987,3,1,0.1785714285714286,0.2681445007938471,1.8855129068747574,0.031220869973455925,0.0,1,0,0.6071428571428572,0.988989791952764,0.07734539683371314,0.3264952034422924,0.09999999999999987
Lee2019-MI,42,7,62,100,0,0.65,0.22999999999999998,0.6500;0.6300;0.6500;0.5900;0.4600;0.6200;0.4200,4,0,0.027272727272727275,0.8360420582635165,0.7358197492763726,0.054477969380690716,0.18999999999999995,0,1,0.07207499701564472,0.28199534917899477,1.861711369595348,0.031270137915585486,0.0,2,0,0.0,0.7682814671490841,0.7733836176116754,0.2862189480689725,0.0
Lee2019-MI,43,7,62,100,2,0.8200000000000001,0.21000000000000008,0.6100;0.6400;0.8200;0.6300;0.6100;0.7000;0.6700,5,0,0.10714285714285716,0.37814371742841896,1.5299948829120695,0.039084625191341336,0.1200000000000001,5,0,0.14285714285714288,0.4075424728667414,1.7325088791917649,0.04135191009917789,0.1200000000000001,4,0,0.25,0.7395004539727792,0.7626856498006567,0.32907944689861723,0.20999999999999996
Lee2019-MI,44,7,62,100,1,0.9200000000000002,0.3900000000000001,0.5800;0.9200;0.7800;0.5300;0.9200;0.5400;0.6500,6,0,0.0,0.28536380399424144,1.7399028214300778,0.02874024087825644,0.27000000000000013,4,0,0.42857142857142866,0.2501311130692919,1.8453403925223018,0.032210193345496574,2.220446049250313e-16,4,0,0.7857142857142859,0.6800104212530941,0.9074787536657126,0.2595256039385338,2.220446049250313e-16
Lee2019-MI,45,7,62,100,4,0.9099999999999999,0.42999999999999994,0.5900;0.8200;0.4800;0.6200;0.9100;0.6200;0.5800,4,1,0.2882999880625789,0.5336836433207349,1.2614804827900894,0.04764073248274281,0.0,1,0,0.39285714285714296,0.5168268132964237,1.546035800880491,0.044604174110506184,0.08999999999999997,4,1,0.9642857142857145,0.5464532570919335,1.1685417246367382,0.2955044535356351,0.0
Lee2019-MI,46,7,62,100,5,0.6599999999999999,0.1399999999999999,0.5200;0.6300;0.5700;0.5600;0.5900;0.6600;0.5700,3,0,-0.2702812388086677,0.6695849427666218,1.2108167045148914,0.044020496237506514,0.09999999999999987,2,0,-0.16216874328520064,0.19776889972093545,1.92583692496929,0.0227028733656609,0.08999999999999986,2,0,-0.4684874806016907,0.9153338064942469,0.3474194698924922,0.23001220904429517,0.08999999999999986
Lee2019-MI,47,7,62,100,1,0.71,0.19999999999999996,0.5300;0.7100;0.5100;0.5900;0.6100;0.5300;0.5600,2,0,-0.16216874328520064,0.6163501913142275,1.2570726775123633,0.06209377623179154,0.19999999999999996,1,1,0.5405624776173354,0.282322276751484,1.8395306300565912,0.03395317660578622,0.0,3,0,0.18018749253911182,0.4095401827472807,1.2357351878983756,0.266838943476592,0.11999999999999988
Lee2019-MI,48,7,62,100,1,0.7,0.32999999999999996,0.4600;0.7000;0.5800;0.5100;0.5100;0.4800;0.3700,1,1,0.23424374030084535,0.6883384425068727,0.9858191995700948,0.064545647356311,0.0,1,1,0.34235623582431246,0.2778440623605166,1.8351915913072805,0.0403494249430429,0.0,1,1,0.16216874328520064,0.4032776584488149,1.5643279233867264,0.20969615073991402,0.0
Lee2019-MI,49,7,62,100,6,0.89,0.31999999999999995,0.7100;0.7200;0.6300;0.5700;0.5800;0.8300;0.8900,2,0,-0.8468812149338255,0.31348851341546263,1.6741602335635828,0.03261450870651905,0.2599999999999999,2,0,-0.28571428571428575,0.1961904500553035,1.9122893252758244,0.032405043120514836,0.2599999999999999,2,0,-0.3571428571428572,0.8832612091456769,0.5030821772938552,0.34038748249721573,0.2599999999999999
Lee2019-MI,50,7,62,100,6,0.61,0.11999999999999994,0.5000;0.5700;0.5500;0.5200;0.5500;0.4900;0.6100,3,0,-0.198206241793023,0.7033703255172662,0.9282592842420342,0.06996124536396701,0.08999999999999997,3,0,0.4865062298556019,0.19499948643772966,1.905451702636424,0.026249279205235627,0.08999999999999997,1,0,0.14414999403128945,0.870768467278208,0.5996496566682895,0.3582467657836764,0.040000000000000036
Lee2019-MI,51,7,62,100,2,0.53,0.08000000000000002,0.5000;0.4500;0.5300;0.4600;0.4700;0.5300;0.5200,2,1,0.9189562119494703,0.4314962126972544,1.3528691916359648,0.05505732194533756,0.0,5,0,0.2702812388086677,0.21500940580279843,1.9059390025582703,0.024150848358504208,0.0,2,1,0.03603749850782236,0.5216561377873677,1.3223043764931997,0.1732765474268632,0.0
Lee2019-MI,52,7,62,100,2,0.75,0.25,0.5600;0.6200;0.7500;0.5800;0.6300;0.6000;0.5000,3,0,0.1785714285714286,0.8975475213177558,0.45061989825456894,0.09605269694071279,0.17000000000000004,2,1,0.7142857142857144,0.2546880926663354,1.8707688936644424,0.03119495795409166,0.0,3,0,-0.03571428571428572,0.4105964660113144,1.2933237025492237,0.3476877106363647,0.17000000000000004
Lee2019-MI,53,7,62,100,1,0.6599999999999999,0.19999999999999996,0.5100;0.6600;0.4600;0.5600;0.4800;0.5100;0.4600,1,1,0.545544725589981,0.8141587809706522,0.691227086016678,0.0802709971590126,0.0,4,0,0.4000661320993194,0.2325359401752535,1.8677259690796704,0.028536487896984195,0.17999999999999994,1,1,0.43643578047198484,0.6221738460060389,0.7890018273153089,0.25973817147256945,0.0
Lee2019-MI,54,7,62,100,3,0.59,0.13,0.4800;0.5600;0.4600;0.5900;0.4600;0.5000;0.4700,3,1,1.0,0.6037401124631494,1.3359417574699588,0.04426494160695212,0.0,5,0,0.25226248955475655,0.22225956991252183,1.9064343558444143,0.026856900334979682,0.08999999999999997,1,0,0.198206241793023,0.7110431140556988,0.7869965578354976,0.16020449703327466,0.030000000000000027
Cho2017,1,7,64,200,1,0.7849999999999999,0.30999999999999994,0.5800;0.7850;0.5200;0.4750;0.6950;0.5050;0.4950,4,0,0.21428571428571433,0.37705849348145715,1.7132739314558931,0.03445820388230462,0.08999999999999986,4,0,0.7142857142857144,0.30200573648621565,1.855352861140592,0.029892237706921,0.08999999999999986,5,0,-0.4642857142857144,0.8744433255412645,0.545270688820187,0.22249189161595206,0.2799999999999999
Cho2017,2,7,64,200,1,0.595,0.13,0.5400;0.5950;0.4750;0.4650;0.4750;0.5300;0.5100,0,0,0.16216874328520064,0.5221304033010902,1.4616554556483283,0.04217671881966615,0.05499999999999994,6,0,0.34235623582431246,0.17697972238026102,1.9302396060847695,0.01758086866263303,0.08499999999999996,3,0,0.01801874925391118,0.2870597213308533,1.731457735868886,0.10361874459572981,0.13
Cho2017,3,7,64,200,2,0.8100000000000002,0.34000000000000014,0.4700;0.6350;0.8100;0.6500;0.6000;0.8050;0.5950,1,0,0.07142857142857144,0.43863970112567435,1.4818176170963735,0.041732223888358254,0.17500000000000016,1,0,0.642857142857143,0.3882210188231274,1.7435780328445885,0.03654403525161618,0.17500000000000016,2,1,0.7142857142857144,0.3648084335874148,1.4360329369687406,0.20966144940009365,0.0
Cho2017,4,7,64,200,5,0.76,0.30000000000000004,0.5250;0.5750;0.7000;0.4600;0.5650;0.7600;0.4950,2,0,0.39285714285714296,0.7507107239194575,0.9673412540205596,0.05230702206761643,0.06000000000000005,2,0,0.3214285714285715,0.2205875569827957,1.895544926381111,0.022884370951989946,0.06000000000000005,5,1,0.5357142857142858,0.5702824402845406,0.8979131839231598,0.2166240391950852,0.0
Cho2017,5,7,64,200,0,0.7899999999999999,0.21999999999999997,0.7900;0.7650;0.6150;0.5800;0.5700;0.6200;0.6300,0,1,0.5357142857142858,0.8522522154645451,0.6389995623045285,0.07940598810937975,0.0,1,0,-0.14285714285714288,0.20909327363504834,1.926883249596914,0.022493745534161995,0.02499999999999991,4,0,-0.21428571428571433,0.2419511076451361,1.8547359121230675,0.20116190162650233,0.21999999999999997
Cho2017,6,7,64,200,0,0.76,0.21999999999999997,0.7600;0.5400;0.7050;0.7000;0.6250;0.7200;0.7200,1,0,-0.7748062179181807,0.23068114678183926,1.8919856986930916,0.016864425312519638,0.21999999999999997,3,0,0.5405624776173354,0.23131944994723677,1.885180711162151,0.02343041479343692,0.06000000000000005,4,0,-0.21622499104693418,0.5240262530111582,1.4185517721869854,0.19083802496255237,0.135
Cho2017,7,7,64,240,5,0.525,0.07500000000000001,0.4500;0.5208;0.5125;0.5208;0.4625;0.5250;0.4792,2,0,0.2882999880625789,0.34371574564302526,1.7097442463808354,0.036170229758831184,0.012499999999999956,5,1,-0.12613124477737828,0.18004753353709324,1.9293669531460054,0.0171589189483436,0.0,4,0,0.054056247761733546,0.49675119486910657,1.4184109513906202,0.08675110364243069,0.0625
Cho2017,8,7,64,200,1,0.6100000000000001,0.18000000000000005,0.5900;0.6100;0.5400;0.4500;0.4550;0.4700;0.4300,0,0,0.8928571428571429,0.5049579859993849,1.5452610076201625,0.035695383705978134,0.02000000000000013,0,0,0.5357142857142858,0.17950107234663826,1.937533042793851,0.016223454104079087,0.02000000000000013,3,0,0.1785714285714286,0.5789346619132968,1.3512211014855262,0.19643025264850744,0.1600000000000001
Cho2017,9,7,64,240,1,0.6208333333333333,0.17916666666666664,0.5750;0.6208;0.5167;0.5125;0.5042;0.4417;0.4458,6,0,-0.5714285714285715,0.5043472841524588,1.5592274550267569,0.035120204122898034,0.17500000000000004,4,0,0.14285714285714288,0.16625816156817894,1.937060749160174,0.015139161397477889,0.1166666666666667,5,0,-0.8928571428571429,0.4120508010040328,1.3417538285996526,0.18294311300816707,0.17916666666666664
Cho2017,10,7,64,200,1,0.65,0.16500000000000004,0.5200;0.6500;0.6500;0.5200;0.5400;0.5300;0.4850,2,0,0.8648999641877367,0.7376330966832022,1.0158724918755815,0.05364800764292873,0.0,2,0,0.8288624656799143,0.21618332986657204,1.9166174815584474,0.022833012746869986,0.0,0,0,-0.5585812268712466,0.5159717753650759,1.533138686368526,0.18984172274181124,0.13000000000000012
Cho2017,11,7,64,200,2,0.67,0.21500000000000008,0.5000;0.5350;0.6700;0.4550;0.5650;0.4750;0.4700,4,0,0.21428571428571433,0.4697111241765387,1.5972421149751348,0.03264615842145879,0.10499999999999998,1,0,0.14285714285714288,0.24061704405292875,1.9087742107893395,0.019924193387330362,0.13500000000000012,4,0,-0.14285714285714288,0.5418803024948826,1.251980948391902,0.21565568313135725,0.10499999999999998
Cho2017,12,7,64,200,1,0.71,0.2699999999999999,0.4800;0.7100;0.4400;0.5850;0.5900;0.4700;0.4750,3,0,0.39285714285714296,0.389559115410918,1.6603278792178535,0.036876405899650466,0.125,1,1,-0.07142857142857144,0.1908462376798818,1.931134180328586,0.019425410023988395,0.0,4,0,-0.21428571428571433,0.44975833293663153,1.5543497674651656,0.19266120540886392,0.11999999999999988
Cho2017,13,7,64,200,0,0.82,0.2749999999999999,0.8200;0.7250;0.5750;0.6100;0.6650;0.5700;0.5450,4,0,-0.3214285714285715,0.2761319033846347,1.8288906077826075,0.03113243208787934,0.15500000000000003,0,1,0.21428571428571433,0.3338950872592044,1.8195803049451924,0.03336482468526662,0.0,3,0,0.28571428571428575,0.31262358678024477,1.5835046212345305,0.19243751514976618,0.20999999999999996
Cho2017,14,7,64,200,1,0.9349999999999999,0.4,0.7050;0.9350;0.6900;0.6550;0.8600;0.5350;0.6100,4,0,0.7857142857142859,0.27945379644910884,1.7451185085961174,0.02839935103494547,0.07499999999999996,1,1,0.6785714285714287,0.21266725161132308,1.8942884188343416,0.02451633316754941,0.0,1,1,0.39285714285714296,0.8868055471063275,0.36367953446232415,0.28212837152288783,0.0
Cho2017,15,7,64,200,1,0.64,0.18500000000000005,0.4950;0.6400;0.4850;0.5400;0.5650;0.5550;0.4550,5,0,0.10714285714285716,0.19824904533995732,1.9062186123155112,0.018704670522467753,0.08500000000000008,2,0,-0.07142857142857144,0.17117761542310284,1.9354743392328912,0.016495259714858015,0.15500000000000003,2,0,0.14285714285714288,0.7386032552234626,0.9484497792920603,0.213236128212785,0.15500000000000003
Cho2017,16,7,64,200,4,0.5700000000000001,0.10500000000000004,0.5200;0.5350;0.4750;0.4950;0.5700;0.5200;0.4650,3,0,-0.07142857142857144,0.5075651887036943,1.2639614658216554,0.05123596924559629,0.07500000000000007,1,0,0.5357142857142858,0.2216856829938278,1.9165705929961723,0.020798052676376532,0.03500000000000014,5,0,-0.5357142857142858,0.36219747343013753,1.7084820947261872,0.18865212081339416,0.050000000000000155
Cho2017,17,7,64,200,4,0.5650000000000001,0.17000000000000004,0.4750;0.5050;0.5300;0.4300;0.5650;0.4100;0.3950,0,0,0.2882999880625789,0.34949454902281146,1.7878917811651536,0.02297756013521335,0.09000000000000008,4,1,0.3214285714285715,0.2105988050384397,1.9195692383239562,0.020222477073939652,0.0,2,0,0.4642857142857144,0.3158410008630162,1.7565500289661007,0.1603420486182242,0.03500000000000003
Cho2017,18,7,64,200,2,0.6050000000000001,0.1200000000000001,0.5250;0.5700;0.6050;0.4850;0.5050;0.5550;0.5200,1,0,0.0,0.29289695354857825,1.7811986365182046,0.02349919544199275,0.03500000000000014,1,0,0.14285714285714288,0.1695028826171598,1.9394010105165314,0.015921934847845678,0.03500000000000014,5,0,-0.14285714285714288,0.5722213747922866,1.228164105117569,0.19316347290479796,0.050000000000000044
Cho2017,19,7,64,200,4,0.605,0.10999999999999999,0.5150;0.5700;0.5200;0.5600;0.6050;0.5450;0.4950,0,0,-0.3571428571428572,0.6725089201701616,1.145492189244688,0.055777493897414855,0.08999999999999997,4,1,0.642857142857143,0.20187887758084572,1.9219878002327166,0.02014534898782337,0.0,6,0,0.0,0.5399721841943966,1.254949393829218,0.16898209070522813,0.10999999999999999
Cho2017,20,7,64,200,1,0.7,0.22499999999999998,0.4900;0.7000;0.5200;0.4750;0.5250;0.5400;0.5150,6,0,0.28571428571428575,0.31816438125109775,1.7313554265577238,0.030206601654695946,0.18499999999999994,1,1,-0.03571428571428572,0.2718967353678323,1.8780040699363225,0.02709161126988276,0.0,1,1,-0.07142857142857144,0.5389550801817335,1.4859911967105985,0.181596140924961,0.0
Cho2017,21,7,64,200,2,0.6649999999999999,0.23999999999999994,0.4800;0.6150;0.6650;0.4250;0.5000;0.5900;0.4650,1,0,0.5,0.2915111133161553,1.8082735776099343,0.023774292735037356,0.04999999999999993,1,0,0.42857142857142866,0.2759385057708466,1.861367654628675,0.027893929900320937,0.04999999999999993,3,0,-0.3214285714285715,0.25390165183975166,1.7033347730319093,0.18447285999722393,0.23999999999999994
Cho2017,22,7,64,200,1,0.615,0.14,0.5450;0.6150;0.5150;0.4750;0.5050;0.5050;0.5700,6,0,0.5357142857142858,0.29916272666174387,1.7934538169855099,0.028875693456140866,0.04499999999999993,1,1,0.3214285714285715,0.2106215721679484,1.908817958410221,0.019112089019323517,0.0,6,0,-0.1785714285714286,0.644786838604449,0.9305991494344149,0.21645390741946036,0.04499999999999993
Cho2017,23,7,64,200,2,0.7999999999999999,0.3349999999999999,0.5400;0.6300;0.8000;0.4650;0.4700;0.6050;0.5100,0,0,0.7142857142857144,0.802196586748452,0.7794713817920265,0.06501767433244836,0.2599999999999999,2,1,0.7142857142857144,0.3503008520458884,1.8032207124450916,0.03111583163315922,0.0,2,1,-0.10714285714285716,0.9830185273737634,0.11285551262125179,0.24656524042874065,0.0
Cho2017,24,7,64,200,2,0.595,0.16499999999999998,0.4900;0.5850;0.5950;0.5350;0.5100;0.4300;0.4400,0,0,0.21428571428571433,0.2525323746465627,1.835768410252323,0.02186238731783467,0.10499999999999993,5,0,-0.25,0.19045471423275026,1.929211105762887,0.01910617303154007,0.16499999999999998,3,0,-0.25,0.8613210189925784,0.5962463370293921,0.21514944926217563,0.05999999999999994
Cho2017,25,7,64,200,1,0.625,0.21500000000000002,0.4950;0.6250;0.4700;0.4100;0.4850;0.4600;0.4350,1,1,0.7857142857142859,0.3849834163888596,1.64800734055206,0.04280835107629836,0.0,1,1,0.21428571428571433,0.24695804813365638,1.9043250710870767,0.024276523013626625,0.0,3,0,-0.14285714285714288,0.33460854456203587,1.6090631034423266,0.13837340412355237,0.21500000000000002
Cho2017,26,7,64,200,4,0.6900000000000001,0.13500000000000012,0.6700;0.5550;0.6500;0.6150;0.6900;0.6600;0.5600,5,0,0.39285714285714296,0.3416543118020894,1.6744122741014842,0.03545341453915903,0.030000000000000138,2,0,-0.10714285714285716,0.20054596019309498,1.9275166403216406,0.020218237349052502,0.039999999999999925,2,0,-0.3214285714285715,0.8588426319683613,0.6464217815663399,0.1832631770179066,0.039999999999999925
Cho2017,27,7,64,200,2,0.5599999999999999,0.07499999999999996,0.5250;0.5150;0.5600;0.5400;0.5400;0.4850;0.5250,3,0,0.7092081432669755,0.2734856081352272,1.766034393110552,0.029463758849353223,0.019999999999999907,6,0,-0.18184824186332701,0.19110480473605537,1.9218481118163462,0.019143208619443,0.03499999999999992,1,0,0.10910894511799621,0.4091740355742924,1.4936957921484484,0.18256217041221298,0.04499999999999993
Cho2017,28,7,64,200,0,0.6649999999999999,0.18499999999999983,0.6650;0.5400;0.5700;0.4800;0.5400;0.5100;0.6450,0,1,0.6126374746329801,0.690729201370949,1.1349080388597605,0.04843406186648299,0.0,0,1,0.396412483586046,0.26647780901203166,1.8733347712912611,0.026926296244045224,0.0,1,0,0.43244998209386837,0.8742892726737529,0.5421155031925743,0.18865593431254213,0.12499999999999989
Cho2017,29,7,64,200,2,0.5650000000000001,0.10499999999999998,0.5400;0.5550;0.5650;0.4800;0.4750;0.4800;0.4600,6,0,-0.12613124477737825,0.4586440370639515,1.5411596340786082,0.03687642951202393,0.10499999999999998,2,1,0.8928571428571429,0.19226121184292225,1.9071194394511404,0.019020061590233686,0.0,2,1,0.5,0.48554891414037304,1.3648872200247337,0.14598877157110376,0.0
Cho2017,30,7,64,200,0,0.5449999999999999,0.05999999999999994,0.5450;0.5250;0.4850;0.5350;0.5250;0.5000;0.5150,4,0,-0.12613124477737828,0.5909648865203871,1.3577587135175493,0.049461481399199814,0.019999999999999907,4,0,-0.4504687313477795,0.17792531906738204,1.9233459142292941,0.01736189429375178,0.019999999999999907,5,0,-0.3783937343321348,0.5665875407905682,1.181946114319609,0.20669709399453462,0.04499999999999993
Cho2017,31,7,64,200,2,0.6849999999999999,0.295,0.5750;0.4600;0.6850;0.4600;0.3900;0.5650;0.4650,5,0,0.8272727272727274,0.40580779212134654,1.6762257577612425,0.027267057595449156,0.11999999999999988,6,0,-0.6306562238868914,0.25756718548233076,1.8978791914681141,0.02158588065865681,0.21999999999999992,0,0,-0.18018749253911182,0.35997128543153295,1.4491648332761327,0.22469340737313864,0.10999999999999999
Cho2017,32,7,64,200,1,0.5799999999999998,0.15499999999999986,0.5400;0.5800;0.4350;0.4550;0.4600;0.4250;0.5700,2,0,-0.5,0.363189716375473,1.7089177243353748,0.03430048460260841,0.1449999999999999,3,0,0.5,0.23514095560993784,1.9080188221253291,0.023468340046845938,0.12499999999999989,3,0,-0.25,0.49602095274853897,1.1797831781369683,0.22264875216565147,0.12499999999999989
Cho2017,33,7,64,200,6,0.605,0.14,0.5300;0.5400;0.4900;0.5550;0.4750;0.4650;0.6050,3,0,-0.3571428571428572,0.3563583491839494,1.7222713066219597,0.02932954832446925,0.050000000000000044,2,0,-0.1785714285714286,0.17042580631078744,1.9347253279060728,0.01595812949320594,0.11499999999999994,2,0,-0.10714285714285716,0.47169471792606166,1.3488578128837152,0.2036781395283211,0.11499999999999994
Cho2017,34,7,64,200,3,0.5850000000000001,0.07000000000000006,0.5200;0.5700;0.5550;0.5850;0.5600;0.5450;0.5150,2,0,0.396412483586046,0.4558350362754283,1.544025043546847,0.03227155078744248,0.030000000000000027,4,0,0.0,0.16196876864254725,1.9430385858844186,0.017030593703359024,0.025000000000000022,0,0,-0.14285714285714288,0.7604214892704563,0.918854917090292,0.16952562256121084,0.06500000000000006
Cho2017,35,7,64,200,4,0.8100000000000002,0.09500000000000008,0.7150;0.8050;0.7800;0.7850;0.8100;0.7750;0.7800,6,0,0.39285714285714296,0.7908403183764822,0.8530340056453201,0.061986504011023756,0.030000000000000138,6,0,0.42857142857142866,0.44851682661541703,1.6237058144426149,0.043649474160821815,0.030000000000000138,6,0,0.1785714285714286,0.5281558016409293,1.251832621148554,0.27346606544080554,0.030000000000000138
Cho2017,36,7,64,200,1,0.7049999999999998,0.27499999999999986,0.4500;0.7050;0.4550;0.4300;0.5100;0.4400;0.4300,1,1,0.4504687313477795,0.3336326087708498,1.658915341733684,0.03608052354126815,0.0,0,0,0.5225437283634242,0.16634332427511062,1.939035562209962,0.014428012136307077,0.25499999999999984,1,1,-0.07207499701564472,0.3040310013535238,1.6907067009983026,0.125500670047708,0.0
Cho2017,37,7,64,200,1,0.74,0.10499999999999998,0.7350;0.7400;0.6350;0.6950;0.7250;0.6950;0.6550,4,0,0.3571428571428572,0.7391815125252182,0.9108238456008235,0.08833533097224248,0.014999999999999902,0,0,0.0,0.2466984471265754,1.8682857747321677,0.02923888405547183,0.004999999999999893,5,0,-0.642857142857143,0.4452610627695354,1.427565650317362,0.18471258857562772,0.04499999999999993
Cho2017,38,7,64,200,1,0.55,0.06500000000000006,0.4950;0.5500;0.5150;0.5350;0.5000;0.5400;0.4850,0,0,0.2882999880625789,0.2896362568915331,1.7877835204890389,0.01897560811120254,0.05500000000000005,5,0,0.642857142857143,0.24242686710576364,1.9000745978694646,0.022064118320564218,0.010000000000000009,5,0,0.28571428571428575,0.2875881362338474,1.6867750542476203,0.17897541721612242,0.010000000000000009
Cho2017,39,7,64,200,2,0.5900000000000001,0.15000000000000013,0.5600;0.5550;0.5900;0.5250;0.5900;0.5450;0.4400,2,1,0.7207499701564473,0.22971505865353434,1.849850714944068,0.02024740787770507,0.0,1,0,-0.41443123283995714,0.2126665704798839,1.9115653256090805,0.020630562605410754,0.03500000000000014,3,0,0.18018749253911182,0.24290307905175734,1.7065979670798401,0.1786585082095855,0.06500000000000006
Cho2017,40,7,64,200,4,0.5299999999999999,0.05999999999999989,0.5250;0.5250;0.4700;0.5100;0.5300;0.4950;0.4750,2,0,0.10811249552346709,0.3668134514615522,1.770820666370013,0.03244570032599755,0.05999999999999989,2,0,-0.4684874806016907,0.1985744162987643,1.9330022357025949,0.01811814610008528,0.05999999999999989,6,0,-0.7387687194103585,0.6207870266710998,1.179856319604533,0.20037294073739362,0.05499999999999994
Cho2017,41,7,64,200,1,0.825,0.3699999999999999,0.5600;0.8250;0.6800;0.4700;0.5850;0.6400;0.4550,4,0,0.5765999761251578,0.35284285867079623,1.7481594515836842,0.02514411572250726,0.24,3,0,0.1785714285714286,0.16141947363287945,1.9426561866566572,0.016469872274818224,0.3549999999999999,5,0,-0.3214285714285715,0.767902402184041,0.8911069599161983,0.23458112111693505,0.18499999999999994
Cho2017,42,7,64,200,0,0.575,0.09999999999999998,0.5750;0.4750;0.5650;0.4950;0.5200;0.5300;0.5050,5,0,0.28571428571428575,0.3960933888142264,1.6671325534908057,0.03353116366675805,0.04499999999999993,2,0,0.0,0.18371965122444747,1.9254389345939913,0.016253126329755032,0.009999999999999898,5,0,-0.10714285714285716,0.5272624569664284,1.3565155882271454,0.2360856137627797,0.04499999999999993
Cho2017,43,7,64,200,2,0.945,0.2899999999999999,0.6550;0.8300;0.9450;0.7500;0.7550;0.8350;0.7350,2,1,0.14285714285714288,0.32355105296850006,1.7201530977155555,0.04247045289153021,0.0,2,1,0.03571428571428572,0.2709545495123528,1.8753975452967604,0.02891769574128967,0.0,2,1,0.9285714285714288,0.9641134608184627,0.16507271294348516,0.30718968624811127,0.0
Cho2017,44,7,64,200,2,0.8150000000000001,0.2550000000000001,0.7800;0.5600;0.8150;0.6500;0.7050;0.6900;0.7100,4,0,0.28571428571428575,0.5443643622399142,1.259433288085554,0.06372322737882492,0.10999999999999999,0,0,0.42857142857142866,0.18187630318372033,1.9321194571150428,0.02227096748913863,0.03500000000000003,5,0,0.10714285714285716,0.2757961473703495,1.6607091324424648,0.13030831728909578,0.125
Cho2017,45,7,64,200,1,0.625,0.305,0.4850;0.6250;0.5050;0.3200;0.4600;0.3750;0.4600,6,0,-0.8468812149338255,0.42012792393446774,1.619774421848466,0.034802401880793456,0.16500000000000004,1,1,0.3214285714285715,0.2086625983249311,1.924794606243652,0.019459020165439905,0.0,6,0,-0.3214285714285715,0.6733679210749497,1.112644825024987,0.1773452306668376,0.16500000000000004
Cho2017,46,7,64,240,2,0.7541666666666668,0.20833333333333348,0.6708;0.6917;0.7542;0.5917;0.5667;0.6125;0.5458,4,0,-0.21428571428571433,0.34151729574344386,1.8011688926898306,0.02474334838403336,0.1875000000000001,1,0,-0.21428571428571433,0.2319635600200379,1.9065666313032974,0.021773160510028564,0.06250000000000011,2,1,0.10714285714285716,0.4174328424336125,1.5055654029522179,0.1493344089563778,0.0
Cho2017,47,7,64,200,0,0.7150000000000001,0.28,0.7150;0.6350;0.4700;0.5750;0.4700;0.4350;0.4400,1,0,0.5357142857142858,0.38535786166824465,1.6771287601271982,0.030741554110507607,0.08000000000000007,1,0,0.5,0.45259121596434126,1.6495060423426096,0.03931829306891703,0.08000000000000007,6,0,-0.5,0.6626398651122911,1.1736007549842473,0.13857142763456035,0.275
Cho2017,48,7,64,200,2,0.825,0.39499999999999996,0.4650;0.6250;0.8250;0.4300;0.5300;0.5850;0.4650,2,1,0.6306562238868914,0.4687090753965818,1.4814773553909057,0.04332432603507056,0.0,3,0,-0.12613124477737828,0.19777758904436638,1.924304077244885,0.02027759648735176,0.39499999999999996,2,1,0.03603749850782236,0.9694821950707962,0.17082247503588224,0.2285134110619449,0.0
Cho2017,49,7,64,200,6,0.6950000000000001,0.15000000000000013,0.6150;0.6900;0.6450;0.6300;0.5450;0.6150;0.6950,1,0,0.4684874806016907,0.6493312434379049,1.2184421852087475,0.05672388492001912,0.0050000000000000044,1,0,0.01801874925391118,0.5522302076120305,1.4520118076612152,0.05032446489191613,0.0050000000000000044,2,0,0.5585812268712466,0.3929205766819171,1.629093967543285,0.20890724559913892,0.050000000000000044
Cho2017,50,7,64,200,0,0.85,0.21499999999999997,0.8500;0.6650;0.6450;0.8500;0.6350;0.7100;0.7550,5,0,0.3243374865704013,0.29647529505213754,1.6729440539632228,0.037142840853585435,0.14,3,0,0.10811249552346709,0.2761005689563914,1.8414403246364572,0.03637861526721502,0.0,6,0,0.10811249552346709,0.46462549749603965,1.1398617673926132,0.24883086798964074,0.09499999999999986
Cho2017,51,7,64,200,1,0.595,0.12,0.5150;0.5950;0.4750;0.4800;0.4950;0.4950;0.5000,4,0,-0.5357142857142858,0.3251450568743039,1.805097503119662,0.023774813728205373,0.10000000000000003,1,1,0.8214285714285715,0.18331669276268414,1.9352014198436118,0.019609928887067793,0.0,4,0,-0.39285714285714296,0.40058485870296995,1.3681681941655623,0.1776703297495855,0.10000000000000003
Cho2017,52,7,64,200,6,0.6849999999999999,0.21999999999999992,0.4650;0.5300;0.6400;0.5250;0.5100;0.5250;0.6850,5,0,-0.21428571428571433,0.24870662663103982,1.841550361804438,0.027974831110425535,0.15999999999999992,6,1,0.0,0.1887905874971904,1.9327678837258047,0.01771514350484684,0.0,6,1,0.9285714285714288,0.26957462946949107,1.5885756601588394,0.18574192933895078,0.0
Dreyer2023,1,7,27,240,1,0.875,0.3375,0.6167;0.8750;0.6583;0.5542;0.6417;0.5375;0.6000,1,1,0.5357142857142858,0.5356328671010951,1.5159289617894904,0.0374893051562147,0.0,1,1,0.5714285714285715,0.18219542328112706,1.925201163796701,0.01684300549544239,0.0,1,1,0.8214285714285715,0.9510443333674677,0.251072540327097,0.17296165234043484,0.0
Dreyer2023,2,7,27,240,2,0.6625,0.22083333333333327,0.4917;0.5750;0.6625;0.4417;0.5000;0.4708;0.5208,2,1,0.01801874925391118,0.3123259109089306,1.68820005653099,0.02699020468032824,0.0,6,0,-0.14285714285714288,0.1707030763794771,1.938508276214371,0.013976072102765162,0.14166666666666672,2,1,0.5,0.5597682543539757,1.3578447441969552,0.08050425280659043,0.0
Dreyer2023,3,7,27,240,5,0.9583333333333333,0.46249999999999986,0.6917;0.6792;0.4958;0.5375;0.7250;0.9583;0.7375,0,0,-0.3214285714285715,0.8902937722164349,0.5331939748413551,0.0787372936743389,0.2666666666666666,5,1,0.5714285714285715,0.7957388853916533,0.8001151843406096,0.06814796124005856,0.0,5,1,0.8214285714285715,0.9961800120571684,0.030395412490091818,0.20214093970611394,0.0
Dreyer2023,4,7,27,240,0,0.6791666666666666,0.15833333333333321,0.6792;0.6667;0.6458;0.5208;0.6583;0.6667;0.6208,0,1,0.18018749253911182,0.5240492962169587,1.4502087060130078,0.04619014385092601,0.0,0,1,0.4865062298556019,0.19994331433169704,1.898082961020698,0.016729618190562175,0.0,4,0,0.3243374865704013,0.38295827591420933,1.5792957268828907,0.07343750770155225,0.02083333333333326
Dreyer2023,5,7,27,240,1,0.7208333333333332,0.23333333333333323,0.5292;0.7208;0.5250;0.5208;0.4875;0.5167;0.5000,2,0,0.4504687313477795,0.29599315355885614,1.6354776717007997,0.03511618100257663,0.1958333333333333,0,0,0.28571428571428575,0.36771658099916094,1.7891710240829761,0.02859355652399705,0.19166666666666665,1,1,0.8571428571428573,0.8379305528564451,0.690345085555418,0.10068386801664647,0.0
Dreyer2023,6,7,27,240,1,0.8208333333333334,0.3041666666666667,0.5750;0.8208;0.5583;0.5167;0.6542;0.5167;0.5333,0,0,0.7567874686642696,0.253578524540851,1.8544208060120337,0.02027094578663058,0.24583333333333346,4,0,0.16216874328520064,0.20853827787776968,1.90386747345962,0.024131947669451884,0.16666666666666674,1,1,0.7748062179181807,0.8821996647103396,0.5029013550290136,0.10231238267498799,0.0
Dreyer2023,7,7,27,240,0,0.7916666666666667,0.2791666666666668,0.7917;0.6125;0.5792;0.5458;0.5875;0.5958;0.5125,0,1,0.7857142857142859,0.5218984365067779,1.5012205517837958,0.04474126478126587,0.0,0,1,0.28571428571428575,0.2178908965463513,1.8967032959118157,0.020102951250140416,0.0,0,1,0.8928571428571429,0.49736126061573477,1.4473759803788384,0.09941411517756552,0.0
Dreyer2023,8,7,27,240,0,0.675,0.19583333333333336,0.6750;0.6083;0.5708;0.5750;0.6042;0.4792;0.5000,4,0,-0.2702812388086677,0.30451967089902776,1.8367192770834109,0.019596196153547723,0.0708333333333333,1,0,0.10714285714285716,0.2436099120202297,1.8525422825868203,0.02464776942196041,0.06666666666666676,0,1,0.9285714285714288,0.5357190197077969,1.3461741875121367,0.07944822043415573,0.0
Dreyer2023,9,7,27,240,2,0.8166666666666667,0.25416666666666665,0.6417;0.6542;0.8167;0.5625;0.6208;0.7208;0.5625,6,0,-0.3090909090909091,0.3588696360221643,1.5832466362766513,0.03750528166679986,0.25416666666666665,2,1,0.3783937343321348,0.28012222988970414,1.8739217108583808,0.024615667343588412,0.0,2,1,0.7748062179181807,0.5752424352899256,1.3282747637200385,0.09203955439208611,0.0
Dreyer2023,10,7,27,240,2,0.9,0.3208333333333334,0.6167;0.8083;0.9000;0.6292;0.7417;0.8375;0.5792,3,0,-0.11118739749916519,0.2639416804481175,1.7587193891941784,0.02199528553437798,0.27083333333333337,2,1,0.3214285714285715,0.2374269434533567,1.9027219180712998,0.024361233070607276,0.0,2,1,0.9642857142857145,0.9541115180089459,0.2379987942873417,0.18414483704349563,0.0
Dreyer2023,11,7,27,240,2,0.6958333333333333,0.18333333333333335,0.5792;0.6292;0.6958;0.5125;0.5208;0.5917;0.5708,3,0,-0.8214285714285715,0.2435085413463797,1.8386844816418473,0.019053329253939877,0.18333333333333335,5,0,-0.14285714285714288,0.22087295001304189,1.9204912256786568,0.019417742648030326,0.10416666666666663,2,1,0.8214285714285715,0.41482291921078995,1.536304210047553,0.10385673893509836,0.0
Dreyer2023,12,7,27,240,0,0.7291666666666666,0.24166666666666664,0.7292;0.6042;0.5250;0.4875;0.5167;0.5583;0.6292,0,1,0.14285714285714288,0.47216192897009146,1.587155178478057,0.039767664935219514,0.0,5,0,0.21428571428571433,0.2675493380675278,1.883911226063205,0.025337936328066753,0.17083333333333328,0,1,0.6785714285714287,0.6174496449521717,1.098374028164312,0.09615217334075063,0.0
Dreyer2023,13,7,27,240,1,0.6791666666666666,0.22083333333333327,0.6042;0.6792;0.4958;0.6042;0.6083;0.4583;0.5833,3,0,0.07207499701564472,0.2813451092204254,1.7926547853905013,0.022448990939553104,0.07499999999999984,1,1,0.14414999403128945,0.1781810083510139,1.932734539562472,0.01575520209977377,0.0,3,0,0.6306562238868914,0.34869777304438987,1.6379707056442594,0.07417699564628244,0.07499999999999984
Dreyer2023,14,7,27,240,1,0.625,0.16666666666666669,0.5167;0.6250;0.4583;0.5667;0.6250;0.5542;0.5042,5,0,-0.6666937223947137,0.4134701715721651,1.677270758303927,0.030577517665383303,0.07083333333333341,0,0,-0.4504687313477795,0.17650168134107447,1.926233895309931,0.015774824269700845,0.10833333333333328,1,1,0.7207499701564473,0.4283048713689177,1.609858313423925,0.0631577088394294,0.0
Dreyer2023,15,7,27,240,1,0.7750000000000001,0.2500000000000001,0.5875;0.7750;0.5542;0.5250;0.6542;0.6083;0.5792,3,0,-0.25,0.24544842161667105,1.734718503939291,0.030734145374094208,0.2500000000000001,3,0,-0.28571428571428575,0.21392191199306237,1.8817699507583672,0.022412992995363753,0.2500000000000001,1,1,0.5714285714285715,0.846222107446978,0.5955510224275076,0.13762701801773738,0.0
Dreyer2023,16,7,27,240,5,0.6083333333333333,0.10416666666666663,0.5833;0.6083;0.5250;0.5042;0.5667;0.6083;0.5250,4,0,0.34545454545454546,0.33827952309221754,1.6884297091199991,0.02418269761504921,0.04166666666666663,4,0,0.34235623582431246,0.2352933241709773,1.9083822539550095,0.02267812722044381,0.04166666666666663,1,0,0.3243374865704013,0.2469286199862249,1.8765902248131532,0.07292841392084376,1.1102230246251565e-16
Dreyer2023,17,7,27,240,1,0.6375000000000001,0.1625000000000001,0.6042;0.6375;0.5750;0.6292;0.4750;0.5875;0.5125,1,1,0.0,0.64178694941027,1.2711568919922531,0.055029024083801316,0.0,2,0,-0.03571428571428572,0.2043306286119418,1.9251581314171078,0.017454243986511693,0.06250000000000011,0,0,0.4642857142857144,0.23209777502852896,1.762718572664317,0.07692163863208057,0.03333333333333344
Dreyer2023,18,7,27,240,1,0.9,0.4375,0.6500;0.9000;0.6000;0.5708;0.8833;0.5417;0.4625,0,0,-0.39285714285714296,0.4715506250847836,1.4396313129613083,0.04119361437167668,0.2500000000000001,1,1,0.42857142857142866,0.3599279112176817,1.7629417272562273,0.029280798041199246,0.0,4,0,0.9642857142857145,0.5309695133849824,0.7822797138973422,0.16033177389928305,0.016666666666666607
Dreyer2023,19,7,27,240,1,0.9541666666666666,0.33333333333333326,0.7583;0.9542;0.6542;0.6875;0.8917;0.6542;0.6208,1,1,-0.03571428571428572,0.4215778325115445,1.5751864122185149,0.03873089599606624,0.0,1,1,0.6785714285714287,0.383263855050386,1.4452816149044856,0.04741897354797767,0.0,1,1,0.7500000000000002,0.9990941988025153,0.007309480694623741,0.28378310473493173,0.0
Dreyer2023,20,7,27,240,1,0.8625,0.2333333333333334,0.7833;0.8625;0.7167;0.6333;0.8167;0.6625;0.6292,1,1,0.7500000000000002,0.6239276550419203,1.1431235629144623,0.06391078340549831,0.0,1,1,0.8571428571428573,0.6471875750488244,1.256994813659873,0.05407744053620044,0.0,4,0,0.7857142857142859,0.9702148392954928,0.16576496560942505,0.17244136340243635,0.04583333333333339
Dreyer2023,21,7,27,240,4,0.7208333333333334,0.1875000000000001,0.6250;0.5833;0.6417;0.7167;0.7208;0.5333;0.5583,0,0,-0.09009374626955591,0.30261953620274934,1.7970196255928466,0.02649180054915205,0.09583333333333344,6,0,-0.07142857142857144,0.2038200172396817,1.9188867365259985,0.02023072218345551,0.1625000000000001,4,1,0.9642857142857145,0.5390568542898487,1.4054980072731698,0.10547887548938309,0.0
Dreyer2023,22,7,27,240,2,0.9125,0.3375,0.7500;0.6542;0.9125;0.5750;0.5917;0.6167;0.5875,0,0,0.34235623582431246,0.4206287781518426,1.663770782908847,0.030806356386379335,0.1625000000000001,0,0,0.42857142857142866,0.28981734270136156,1.8642009115504172,0.028244489370847253,0.1625000000000001,2,1,0.7500000000000002,0.998045997324387,0.016251662439482503,0.20805827164942117,0.0
Dreyer2023,23,7,27,240,1,0.7125,0.24166666666666664,0.5542;0.7125;0.6667;0.5167;0.5750;0.4875;0.4708,2,0,0.5714285714285715,0.2541089979189805,1.781495473151336,0.025554755341273605,0.04583333333333339,0,0,0.642857142857143,0.28961438904192144,1.8696837768603778,0.023749898106665664,0.15833333333333333,1,1,0.42857142857142866,0.656507151744998,1.1067896580758834,0.11265622968956024,0.0
Dreyer2023,24,7,27,240,1,0.9,0.21250000000000002,0.7125;0.9000;0.7542;0.8458;0.8375;0.6875;0.7708,1,1,0.21428571428571433,0.42173893388299805,1.6705961226937012,0.03400069717520634,0.0,1,1,0.6071428571428572,0.2010448995239833,1.9123839917347465,0.018519398760993618,0.0,1,1,0.8571428571428573,0.8336369688333208,0.610730963156546,0.1922070600488929,0.0
Dreyer2023,25,7,27,240,1,0.8916666666666666,0.35416666666666663,0.6292;0.8917;0.8083;0.6375;0.8667;0.6542;0.5375,0,0,0.0,0.2649433892278269,1.7877963008687872,0.029859896699579336,0.26249999999999996,4,0,0.6785714285714287,0.26994309809573847,1.8498584256729487,0.03127866612863741,0.0249999999999998,1,1,0.9642857142857145,0.9390336099060209,0.2662329999326927,0.21986835662591722,0.0
Dreyer2023,26,7,27,240,2,0.7125,0.20000000000000007,0.5125;0.6917;0.7125;0.6042;0.5250;0.7083;0.5833,6,0,-0.1785714285714286,0.4585713022588705,1.5975767340517302,0.03611076157098273,0.12916666666666665,4,0,-0.07142857142857144,0.23761269246568242,1.8832551852409383,0.022936742362656526,0.1875,2,1,0.7142857142857144,0.568397028246037,1.268088668545568,0.1115775459909484,0.0
Dreyer2023,27,7,27,240,0,0.5625,0.11249999999999999,0.5625;0.5167;0.5458;0.5458;0.4500;0.5250;0.5042,2,0,-0.03603749850782236,0.5262499492695455,1.3955901152934425,0.041553425608202854,0.01666666666666672,1,0,-0.5765999761251578,0.1887107491827958,1.9133128111803301,0.014679764391909178,0.04583333333333328,5,0,0.6306562238868914,0.35802023429115704,1.6513400935333298,0.08943811939020169,0.03749999999999998
Dreyer2023,28,7,27,240,1,0.6708333333333334,0.21250000000000002,0.6000;0.6708;0.4583;0.5583;0.5000;0.4667;0.5500,6,0,-0.42857142857142866,0.32613122533854827,1.7685397199145796,0.030031821485006455,0.12083333333333346,5,0,0.3214285714285715,0.1901679804079582,1.9212240202435322,0.016458089606228306,0.20416666666666677,5,0,-0.21428571428571433,0.29427193425957515,1.8106887660976918,0.05979649891103764,0.20416666666666677
Dreyer2023,29,7,27,240,1,0.6791666666666666,0.15833333333333321,0.5333;0.6792;0.5208;0.5333;0.6042;0.5250;0.6000,6,0,0.2702812388086677,0.4466396323417137,1.4049525750530356,0.047007652367087115,0.07916666666666661,0,0,-0.10714285714285716,0.18866179357056234,1.9312047230581946,0.017168163439638923,0.14583333333333315,1,1,0.3214285714285715,0.4567322708932883,1.5644509566583475,0.06611361044714692,0.0
Dreyer2023,30,7,27,240,1,0.6375,0.19583333333333325,0.6250;0.6375;0.6042;0.5375;0.5042;0.4417;0.5542,3,0,0.03571428571428572,0.4220484454099353,1.6963234196475678,0.030609948423427385,0.09999999999999987,3,0,-0.642857142857143,0.20236722211421948,1.9185941005646794,0.019833063896576145,0.09999999999999987,0,0,0.8571428571428573,0.519056260200819,1.460846550291366,0.09121949720807396,0.012499999999999956
Dreyer2023,31,7,27,240,0,0.8208333333333334,0.3583333333333334,0.8208;0.6833;0.5792;0.5750;0.6083;0.4625;0.5292,6,0,-0.3214285714285715,0.3374991840572373,1.7277754007490607,0.034437935003128896,0.29166666666666674,6,0,-0.39285714285714296,0.1821828709168685,1.9244137126906278,0.014644242071474078,0.29166666666666674,0,1,0.642857142857143,0.973514766270318,0.16430166289411324,0.13423518424428665,0.0
Dreyer2023,32,7,27,240,0,0.7375,0.21250000000000002,0.7375;0.7125;0.5958;0.5250;0.6500;0.5250;0.5458,3,0,0.07142857142857144,0.334264734867877,1.7886987962552452,0.026351608950627048,0.21250000000000002,5,0,-0.03571428571428572,0.16024859116977602,1.9376253110194177,0.014882157945697184,0.2124999999999999,1,0,0.7142857142857144,0.4272147762609408,1.6132966063770078,0.10049702769843344,0.025000000000000022
Dreyer2023,33,7,27,240,4,0.775,0.22083333333333344,0.5542;0.7083;0.7625;0.6125;0.7750;0.7292;0.5917,3,0,-0.14285714285714288,0.3899997157014018,1.6441297583030403,0.03641744619445649,0.16249999999999998,5,0,0.3571428571428572,0.18749603698275136,1.9156097292399419,0.016496367949373644,0.04583333333333328,2,0,0.6071428571428572,0.5394240282785983,1.280119784127561,0.1244905089160682,0.012500000000000067
Dreyer2023,34,7,27,240,0,0.7375,0.2250000000000001,0.7375;0.5625;0.5958;0.6125;0.5125;0.5417;0.5792,4,0,-0.396412483586046,0.5742878781194132,1.2760110510806748,0.04831772034124748,0.2250000000000001,4,0,-0.1785714285714286,0.21076427906011544,1.8979097225725405,0.022555620763530706,0.2250000000000001,0,1,0.8928571428571429,0.433347953086475,1.5719476929149205,0.08677939356764144,0.0
Dreyer2023,35,7,27,240,1,0.9041666666666668,0.30000000000000016,0.6042;0.9042;0.7167;0.7792;0.7958;0.6417;0.6292,1,1,0.6785714285714287,0.2922534672417453,1.700503923547322,0.030313950907680038,0.0,1,1,0.642857142857143,0.39611603226430653,1.4466977508163434,0.0488993574340782,0.0,1,1,0.642857142857143,0.9784940812337393,0.13259662713232231,0.1698481516372314,0.0
Dreyer2023,36,7,27,240,6,0.7333333333333333,0.22083333333333333,0.5917;0.6083;0.6292;0.5125;0.6125;0.6292;0.7333,0,0,-0.5909090909090909,0.3478942076195996,1.5726237131955583,0.036314105217780966,0.1416666666666666,3,0,-0.8648999641877367,0.20816696098754467,1.917718726972788,0.02345718754635689,0.22083333333333333,1,0,-0.7748062179181807,0.690942464802652,1.1217763924136515,0.08797098228853395,0.1250000000000001
Dreyer2023,37,7,27,240,4,0.6583333333333333,0.1416666666666666,0.5500;0.6500;0.5625;0.6250;0.6583;0.6500;0.5167,0,0,-0.4272727272727273,0.43803158533947206,1.4445841559828325,0.038898106050309744,0.10833333333333328,2,0,-0.396412483586046,0.1956315155378,1.9084338585848655,0.018043708216913187,0.09583333333333321,1,0,0.6666937223947137,0.49151873444820976,1.337817651246791,0.10762647401872064,0.008333333333333304
Dreyer2023,38,7,27,240,2,0.6958333333333333,0.22499999999999998,0.6500;0.5750;0.6958;0.6458;0.5292;0.5000;0.4708,3,0,0.6071428571428572,0.29306184616283637,1.8525941697563275,0.020326480529665385,0.04999999999999993,0,0,0.28571428571428575,0.2642696073981778,1.879097217241402,0.02419011152712098,0.04583333333333339,2,1,0.7857142857142859,0.7270468927213978,1.0208753717358294,0.12111443797470073,0.0
Dreyer2023,39,7,27,240,2,0.9041666666666666,0.35,0.6458;0.8333;0.9042;0.6167;0.7250;0.7375;0.5542,5,0,-0.03603749850782236,0.342757842132332,1.6146151939075435,0.03146631707666062,0.16666666666666652,2,1,0.5714285714285715,0.30936602413512415,1.8441751112140985,0.03178990438844939,0.0,2,1,0.6785714285714287,0.7579811358428233,0.6440665657310012,0.14239720528020522,0.0
Dreyer2023,40,7,27,232,6,0.5864014801110083,0.08649398704902866,0.5612;0.5778;0.5689;0.4999;0.5691;0.5560;0.5864,4,0,0.03571428571428572,0.3212224833557286,1.7595152954178268,0.027837922741771475,0.017298797409805777,3,0,-0.42857142857142866,0.17366763513046965,1.9194682936985532,0.016632218130171822,0.08649398704902866,1,0,0.0,0.4066734005166143,1.476472629300674,0.08971166860386554,0.008603145235892673
Dreyer2023,41,7,27,240,1,0.7166666666666667,0.22916666666666669,0.5292;0.7167;0.5875;0.4875;0.5875;0.5083;0.5708,4,0,0.12613124477737828,0.3166794713443912,1.8318760799902118,0.027156964293359936,0.12916666666666665,1,1,0.702731220902536,0.18104032248601215,1.9197247855186828,0.018686414091715228,0.0,2,0,0.25226248955475655,0.4407062462068113,1.6429997112175458,0.07621093629302064,0.12916666666666665
Dreyer2023,42,7,27,240,1,0.6583333333333334,0.17083333333333345,0.5833;0.6583;0.5250;0.5250;0.5083;0.5208;0.4875,2,0,-0.36037498507822363,0.24425012180463201,1.8360722633210484,0.01886265058237953,0.1333333333333333,1,1,0.39285714285714296,0.23529134696461484,1.9036299643395356,0.019647973814168194,0.0,2,0,0.6071428571428572,0.4013901474997344,1.415443909844323,0.0865241486237597,0.1333333333333333
Dreyer2023,43,7,27,240,0,0.8041666666666668,0.3250000000000002,0.8042;0.6417;0.5292;0.4792;0.4958;0.5208;0.5208,2,0,-0.07142857142857144,0.5143283281675411,1.5493394954362212,0.03791388926290747,0.27500000000000013,4,0,0.28571428571428575,0.2110620251415416,1.907363959513313,0.02199700166052288,0.3083333333333334,0,1,0.6785714285714287,0.6177197457870384,0.7576620597440052,0.10528635381319029,0.0
Dreyer2023,44,7,27,240,2,0.5833333333333334,0.10000000000000009,0.5625;0.5708;0.5833;0.4833;0.5500;0.5000;0.4917,1,0,0.42857142857142866,0.3432779712492693,1.772089551054114,0.025446539301684945,0.012499999999999956,0,0,0.14285714285714288,0.2349147833922009,1.8897952438992751,0.02230185856924903,0.02083333333333337,5,0,0.0,0.27230269071990726,1.7867311055943411,0.07039398180665599,0.08333333333333337
Dreyer2023,45,7,27,240,1,0.6208333333333333,0.10416666666666674,0.6125;0.6208;0.5167;0.5750;0.5833;0.5250;0.5208,3,0,-0.7142857142857144,0.5401823103075398,1.4266225827019114,0.043598431142791716,0.04583333333333328,2,0,-0.42857142857142866,0.19223532068025273,1.9204920687467772,0.01916261256174999,0.10416666666666674,1,1,0.8571428571428573,0.2469863462569445,1.844754291552702,0.06122349659037102,0.0
Dreyer2023,46,7,27,240,0,0.6125,0.12916666666666665,0.6125;0.6000;0.4958;0.5750;0.5333;0.4833;0.5125,0,1,0.03571428571428572,0.6714840866361809,1.1363759535965297,0.050063207521622376,0.0,0,1,0.7142857142857144,0.26137496778927366,1.7990335423078652,0.028331611457355348,0.0,2,0,0.14285714285714288,0.3666015113071663,1.7219973937764776,0.059575851678282055,0.11666666666666675
Dreyer2023,47,7,27,240,0,0.6666666666666666,0.25833333333333325,0.6667;0.6042;0.5833;0.4083;0.6208;0.4958;0.5208,4,0,0.48181205582971587,0.3982002296058329,1.6481340135448044,0.02949888435586819,0.04583333333333328,0,1,0.642857142857143,0.18824187614618967,1.9168845058563804,0.01899230285386316,0.0,4,0,0.25,0.3855664278114558,1.672830501942041,0.07611173274335828,0.04583333333333328
Dreyer2023,48,7,27,240,5,0.7958333333333334,0.1708333333333334,0.6250;0.7250;0.6333;0.7458;0.7375;0.7958;0.7875,1,0,0.3214285714285715,0.2804517665498883,1.7574912963612692,0.03814820193562888,0.07083333333333341,6,0,0.5357142857142858,0.2000360398975365,1.8922199724975004,0.02684818585853194,0.008333333333333415,5,1,0.7857142857142859,0.47788382042395416,1.4031696786555838,0.1081694441866119,0.0
Dreyer2023,49,7,27,240,5,0.7833333333333333,0.3291666666666667,0.5042;0.7500;0.4542;0.5167;0.7667;0.7833;0.6500,2,0,0.1785714285714286,0.3570067784213132,1.657181792878982,0.03308902277137434,0.3291666666666667,0,0,-0.10714285714285716,0.17634494324407424,1.9263440575808035,0.015370428859374851,0.2791666666666667,5,1,0.9642857142857145,0.8417457594751341,0.5526045055675017,0.12663551133236997,0.0
Dreyer2023,50,7,27,240,1,0.6666666666666667,0.21666666666666673,0.4583;0.6667;0.4792;0.4667;0.4625;0.4625;0.4500,2,0,0.198206241793023,0.30985724778918544,1.8189464097704935,0.020765455861899706,0.1875000000000001,6,0,-0.34235623582431246,0.19499754438448635,1.9268385345989874,0.01738051584337979,0.21666666666666673,3,0,0.7387687194103585,0.5660080974163465,1.4251954065674461,0.08514960764852975,0.20000000000000012
Dreyer2023,51,7,27,240,3,0.6916666666666667,0.16666666666666663,0.5667;0.5333;0.6708;0.6917;0.6500;0.5250;0.5417,1,0,-0.21428571428571433,0.20433483228155963,1.916598398166672,0.011228362212796958,0.15833333333333321,6,0,-0.5714285714285715,0.19331732073053695,1.9262469534983095,0.02361154085111516,0.15000000000000002,2,0,0.4642857142857144,0.27002243972687984,1.641067158712846,0.06926470938449053,0.02083333333333326
Dreyer2023,52,7,27,240,2,0.8125,0.3291666666666667,0.5542;0.7917;0.8125;0.5292;0.6542;0.6958;0.4833,2,1,0.12613124477737825,0.4862947238779282,1.5529179770458077,0.03577243134375271,0.0,2,1,0.3214285714285715,0.21866834684580091,1.8993148480034043,0.023067876092680566,0.0,1,0,0.9285714285714288,0.511892241228864,1.3657962326878739,0.11976832214767388,0.02083333333333337
Dreyer2023,53,7,27,240,0,0.6875,0.16249999999999987,0.6875;0.6292;0.5708;0.5250;0.5917;0.5667;0.5458,3,0,-0.21428571428571433,0.6901849342887413,1.1638974626210052,0.04578773104042496,0.16249999999999987,0,1,0.42857142857142866,0.2106981457063536,1.9013754172042818,0.021307701465772502,0.0,5,0,-0.7500000000000002,0.3514852698254411,1.7628817238024388,0.08753096015170056,0.12083333333333335
Dreyer2023,54,7,27,240,1,0.6458333333333333,0.13749999999999996,0.6375;0.6458;0.5375;0.5792;0.5083;0.5125;0.5667,5,0,-0.3214285714285715,0.2912050001198512,1.8148276935040037,0.02309577294405507,0.1333333333333333,3,0,0.4642857142857144,0.20395971241894825,1.912434306012416,0.019440528359399887,0.06666666666666665,0,0,0.8571428571428573,0.3248504698103172,1.632619497845523,0.08620652770906206,0.008333333333333304
Dreyer2023,55,7,27,240,1,0.9416666666666667,0.3583333333333333,0.6750;0.9417;0.8917;0.5833;0.9083;0.6542;0.5958,1,1,0.42857142857142866,0.349008087000819,1.6524060035231303,0.03733366796932754,0.0,1,1,0.5,0.3567841810793697,1.7426555776662933,0.034212408801056186,0.0,1,1,0.8214285714285715,0.9429386177567379,0.23718753876152504,0.24583051062249905,0.0
Dreyer2023,56,7,27,240,1,0.9875,0.17083333333333328,0.9667;0.9875;0.8583;0.9500;0.8167;0.8625;0.8667,2,0,-0.28571428571428575,0.35370601823164805,1.6917599280879252,0.03850682672133695,0.12916666666666687,1,1,0.642857142857143,0.9706740277324442,0.18371626031317878,0.0948666501918193,0.0,1,1,0.9285714285714288,0.9986686338227188,0.010550849381659679,0.37965893924724653,0.0
Dreyer2023,57,7,27,240,1,0.7916666666666667,0.3291666666666667,0.4875;0.7917;0.4833;0.5458;0.4917;0.4625;0.5458,2,0,0.05910828046793255,0.579806315912901,1.4163655368275891,0.03488452352263405,0.30833333333333335,2,0,-0.28571428571428575,0.19650731423413237,1.9252074498708913,0.01826739504033734,0.30833333333333335,1,1,0.6071428571428572,0.6576861395180936,1.1433470241038757,0.07039763442770686,0.0
Dreyer2023,58,7,27,240,6,0.775,0.1958333333333333,0.6875;0.5958;0.5875;0.5792;0.7042;0.7208;0.7750,6,1,0.21428571428571433,0.2612491963570224,1.8735838034003987,0.01607758898910716,0.0,1,0,0.5357142857142858,0.2502008148422851,1.8570454518119592,0.02406140739799696,0.1791666666666667,6,1,0.7857142857142859,0.3661732099485873,1.5227925523286894,0.10467193627315191,0.0
Dreyer2023,59,7,27,160,4,0.675,0.13750000000000007,0.6188;0.6500;0.5687;0.6125;0.6750;0.5375;0.6062,5,0,-0.7142857142857144,0.2654888807592004,1.805171937668337,0.028595569870349207,0.13750000000000007,4,1,0.6785714285714287,0.32142248039860083,1.737511631108031,0.03560253287039256,0.0,1,0,0.39285714285714296,0.4343527880132064,1.4958346972339769,0.13464018652006113,0.025000000000000022
Dreyer2023,60,7,27,240,3,0.6166666666666667,0.08750000000000002,0.6000;0.5292;0.5583;0.6167;0.5375;0.5417;0.5792,5,0,0.5225437283634242,0.3965329777007781,1.7216371579485323,0.02762711199696355,0.07500000000000007,3,1,0.1785714285714286,0.22675922715187968,1.9105113004942773,0.020673757689824025,0.0,3,1,0.8928571428571429,0.27006826999932826,1.7293907451658395,0.08932647006573383,0.0
Dreyer2023,61,7,27,240,2,0.8625,0.38333333333333336,0.5458;0.8333;0.8625;0.4792;0.7375;0.7292;0.5833,1,0,0.8928571428571429,0.5163427165043093,1.4278381007416554,0.04106747745213742,0.029166666666666674,5,0,0.42857142857142866,0.20918474322586347,1.9068995037887233,0.019622169307924927,0.1333333333333333,2,1,0.8928571428571429,0.9696317891275977,0.15755097187452866,0.16034110206138127,0.0
Dreyer2023,62,7,27,240,1,0.9125,0.4458333333333333,0.6208;0.9125;0.5750;0.5458;0.7375;0.5417;0.4667,3,0,0.30631873731649006,0.6070336252971099,1.33063185778868,0.03970852595337737,0.3666666666666666,1,1,0.8928571428571429,0.4375321560194296,1.648583221171009,0.03642460370596306,0.0,1,1,0.39285714285714296,0.9823740537229243,0.1081405563754869,0.16817605091999205,0.0
Dreyer2023,63,7,27,240,5,0.6916666666666667,0.21666666666666656,0.5500;0.6750;0.6583;0.5500;0.4750;0.6917;0.5083,1,0,0.635763953205751,0.24036898947322996,1.9011681019974063,0.01179950981519462,0.016666666666666607,1,0,0.594618725379069,0.18398533780381512,1.8992951710600399,0.01977072399070375,0.016666666666666607,1,0,0.6486749731408026,0.3238650225425277,1.7083990913243576,0.06523427584073652,0.016666666666666607
Dreyer2023,64,7,27,240,0,0.6916666666666667,0.22500000000000003,0.6917;0.5500;0.5542;0.4667;0.5625;0.5875;0.5250,1,0,-0.41443123283995714,0.34994121081290097,1.7711147135328273,0.02353726416324305,0.1416666666666666,3,0,-0.8571428571428573,0.2519844558092724,1.890416414548426,0.025931062753077123,0.22500000000000003,0,1,0.0,0.5954350245181323,1.279781153354131,0.09140246318745301,0.0
Dreyer2023,65,7,27,240,4,0.8708333333333332,0.3041666666666666,0.5667;0.8625;0.8333;0.6875;0.8708;0.8042;0.5833,1,0,0.21428571428571433,0.4043108643297407,1.5729170045973568,0.039380866933929136,0.008333333333333193,2,0,0.7142857142857144,0.21126851699553117,1.88088027311734,0.023352790118335465,0.03749999999999998,4,1,0.9285714285714288,0.6525655850057883,1.0588972266397054,0.11503741972818687,0.0
Dreyer2023,66,7,27,240,6,0.7541666666666668,0.21666666666666679,0.5708;0.6250;0.6667;0.5375;0.5917;0.6458;0.7542,0,0,-0.7142857142857144,0.24884438635029885,1.7827178817806246,0.025622852753120966,0.18333333333333346,0,0,0.0,0.192871664362964,1.916853810830126,0.02026311428103216,0.18333333333333346,6,1,0.3214285714285715,0.7876412592860095,0.8592584759440095,0.11713522472774252,0.0
Dreyer2023,67,7,27,240,0,0.7083333333333333,0.1874999999999999,0.7083;0.6208;0.5958;0.5667;0.5208;0.6500;0.6167,0,1,0.8214285714285715,0.5493659620081625,1.4205352784475698,0.049657464701825305,0.0,6,0,0.4642857142857144,0.20814765322743461,1.9195434715291713,0.018191623720047168,0.09166666666666656,2,0,0.5,0.2724899238557551,1.8297205849160694,0.07029925499722314,0.11249999999999982
Dreyer2023,68,7,27,240,3,0.55,0.050000000000000155,0.5000;0.5417;0.5292;0.5500;0.5292;0.5500;0.5083,4,0,0.09009374626955591,0.2495750854206706,1.7822431737050066,0.027915854889873026,0.02083333333333348,5,0,0.6306562238868914,0.1930016828563027,1.9204441565815298,0.015875378141543123,0.0,5,0,0.8108437164260032,0.5204779179892142,1.492808179040364,0.06235891520531778,0.0
Dreyer2023,69,7,27,240,4,0.8875,0.2124999999999999,0.6750;0.8375;0.8792;0.7583;0.8875;0.8875;0.7250,2,0,0.07207499701564472,0.4422877924208812,1.5961171449885323,0.034640689424633386,0.008333333333333304,3,0,0.07207499701564472,0.1933384814863108,1.9207312347476013,0.01660842368044396,0.12916666666666654,5,0,0.900937462695559,0.5296331836414353,1.0602690616098602,0.14478286875548577,0.0
Dreyer2023,70,7,27,240,0,0.6041666666666667,0.09583333333333344,0.6042;0.5792;0.5333;0.5083;0.5917;0.5500;0.5458,5,0,-0.6126374746329801,0.20700673440663575,1.895135327057055,0.013789758422600773,0.054166666666666696,1,0,0.07142857142857144,0.2107943470623854,1.924303233735394,0.01701901462699042,0.025000000000000022,1,0,-0.39285714285714296,0.2679213141322927,1.8054317633873898,0.04439940581129659,0.025000000000000022
Dreyer2023,71,7,27,240,0,0.5541666666666667,0.1208333333333334,0.5542;0.5167;0.4875;0.4333;0.4792;0.4917;0.5417,1,0,0.42857142857142866,0.29421232002584713,1.7402072501088999,0.036290113469084506,0.03749999999999998,2,0,0.28571428571428575,0.19098864557522802,1.9321478428214256,0.017421948124444725,0.06666666666666671,0,1,0.6071428571428572,0.3251842686712577,1.6759861004879433,0.07973857351969618,0.0
Dreyer2023,72,7,27,240,1,0.6166666666666666,0.1833333333333333,0.6083;0.6167;0.4917;0.4333;0.4458;0.4750;0.6083,3,0,-0.41443123283995714,0.33102678576509775,1.7510137962863852,0.02419130903248486,0.1833333333333333,6,0,0.14285714285714288,0.1730077201177487,1.9282432628528918,0.017221338026460465,0.008333333333333193,6,0,0.7500000000000002,0.3077413224455618,1.6851801437691631,0.07676994992359748,0.008333333333333193
Dreyer2023,73,7,27,240,1,0.9416666666666668,0.2083333333333336,0.7417;0.9417;0.7333;0.7833;0.9333;0.9417;0.8250,4,0,0.1785714285714286,0.2988496897292561,1.8251365360034655,0.020431971263709325,0.008333333333333415,1,1,0.5357142857142858,0.19457070698248935,1.922159585198003,0.025576142653879575,0.0,4,0,0.7500000000000002,0.6061066537631202,0.7376447660106276,0.21344151942197015,0.008333333333333415
Dreyer2023,74,7,27,240,1,0.7916666666666666,0.29166666666666674,0.6042;0.7917;0.6292;0.7375;0.6292;0.5583;0.5000,4,0,0.23636363636363636,0.4461773353642849,1.6554266738240744,0.029813556114044088,0.16249999999999998,1,1,0.23424374030084535,0.20066469820967542,1.907774514348525,0.019813065116563267,0.0,1,1,0.9369749612033814,0.6521309380057829,1.0830770669181202,0.10053866746293266,0.0
Dreyer2023,75,7,27,240,1,0.7791666666666667,0.30833333333333335,0.5833;0.7792;0.5250;0.5625;0.5625;0.4708;0.5250,2,0,-0.41443123283995714,0.4277279362591546,1.6383189156260591,0.03369146045714529,0.25416666666666665,4,0,0.7748062179181807,0.21494602081295988,1.913302567989368,0.018864630829492388,0.21666666666666667,1,1,0.7748062179181807,0.42119642400873725,1.3422146851154764,0.07314769190538317,0.0
Dreyer2023,76,7,27,240,2,0.9458333333333332,0.38749999999999984,0.5875;0.9417;0.9458;0.5875;0.7625;0.7792;0.5583,6,0,-0.4684874806016907,0.5765359553247549,1.4189290740042957,0.051383790867489676,0.38749999999999984,2,1,0.21622499104693418,0.36431883045150093,1.7705184738266846,0.033069546977120175,0.0,1,0,0.8108437164260032,0.9964936659606873,0.023625017244022543,0.2955617249324246,0.004166666666666541
Dreyer2023,77,7,27,240,1,0.6166666666666667,0.16249999999999998,0.6083;0.6167;0.5792;0.4542;0.5083;0.4750;0.5292,1,1,0.5357142857142858,0.27769214737953885,1.7944214204777147,0.022501569533798522,0.0,2,0,-0.10714285714285716,0.20475536116429202,1.9239553733537065,0.022912527817134456,0.03750000000000009,1,1,0.642857142857143,0.40520221407988166,1.6010507755105088,0.07040823265048482,0.0
Dreyer2023,78,7,27,240,1,0.8166666666666667,0.35000000000000003,0.5292;0.8167;0.4667;0.6833;0.8167;0.6000;0.6458,1,1,0.18181818181818182,0.39337204028062683,1.6119110465026525,0.035584886275988735,0.0,1,1,0.7748062179181807,0.8560001871803345,0.6578031562849836,0.06966405587106334,0.0,1,1,0.9189562119494703,0.7030839729476019,0.7625875705220914,0.12911157168386803,0.0
Dreyer2023,79,7,27,240,1,0.9416666666666667,0.42500000000000004,0.5167;0.9417;0.8958;0.5958;0.8792;0.7833;0.6500,5,0,0.054056247761733546,0.6247061829566081,1.3191204114454447,0.0395725230076213,0.15833333333333344,5,0,0.7142857142857144,0.25153845348035136,1.8757268488982526,0.026562313649761044,0.15833333333333344,1,1,1.0,0.9933640980052134,0.04504790965706761,0.2297796239908558,0.0
Dreyer2023,80,7,27,240,0,0.6541666666666666,0.20833333333333326,0.6542;0.5750;0.4792;0.5625;0.4458;0.4917;0.4792,3,0,0.4684874806016907,0.41210129631115694,1.601112856945312,0.038147032848551955,0.09166666666666656,1,0,0.18018749253911182,0.2659436058485845,1.8428560063597539,0.024431966728033747,0.07916666666666661,4,0,-0.41443123283995714,0.18036864645817427,1.9160058063809888,0.06543910747564027,0.20833333333333326
Dreyer2023,81,7,27,240,5,0.6,0.19999999999999996,0.5417;0.5917;0.5625;0.4000;0.4500;0.6000;0.5875,4,0,0.0,0.31564992733159786,1.8058884429333641,0.027824039706146147,0.14999999999999997,0,0,-0.5714285714285715,0.22983712147262986,1.9021784463026097,0.01783832925274021,0.05833333333333324,1,0,0.7857142857142859,0.4477911419190779,1.6054670935644983,0.09179426259459758,0.008333333333333304
Dreyer2023,82,7,27,240,5,0.6000000000000001,0.1291666666666667,0.5958;0.5583;0.5000;0.4708;0.5667;0.6000;0.5917,1,0,-0.3214285714285715,0.23590680776759027,1.8482893863432757,0.023933980282998313,0.04166666666666674,5,1,-0.14285714285714288,0.18763430952454885,1.9049909019484002,0.017548662434241045,0.0,3,0,-0.28571428571428575,0.3023903650454933,1.6390102904205002,0.06395797202345338,0.1291666666666667
Dreyer2023,83,7,27,240,1,0.8,0.3833333333333334,0.5917;0.8000;0.6750;0.5500;0.6292;0.5417;0.4167,2,0,0.198206241793023,0.5929052278026351,1.3879207028998584,0.03798044636684198,0.125,1,1,0.1785714285714286,0.23813486920851545,1.8953755027736903,0.023885776514444804,0.0,1,1,0.7500000000000002,0.7263847595845293,0.8171091219946595,0.12561361610986463,0.0
Dreyer2023,84,7,27,240,1,0.8125,0.4041666666666667,0.5250;0.8125;0.4083;0.5083;0.7000;0.4917;0.5333,5,0,0.14285714285714288,0.27749193963588265,1.8195461108322055,0.022922106354457867,0.3208333333333334,1,1,0.3214285714285715,0.18087619058976256,1.9229590181253393,0.016053589199775425,0.0,1,1,0.5357142857142858,0.5260415230360934,0.7704250616470533,0.1091151736436165,0.0
Dreyer2023,85,7,27,240,4,0.7666666666666666,0.23333333333333328,0.6250;0.7542;0.6042;0.6542;0.7667;0.6250;0.5333,3,0,0.39285714285714296,0.588110863704941,1.3530707564890774,0.0402248453490183,0.11249999999999993,1,0,0.7857142857142859,0.261771666715832,1.8739650652988369,0.02725710443410684,0.012499999999999956,4,1,0.8571428571428573,0.9346613858380015,0.3085464122767891,0.16280839724643212,0.0
Dreyer2023,86,7,27,240,1,0.6375,0.1333333333333333,0.5458;0.6375;0.6333;0.5125;0.5458;0.5042;0.5250,2,0,0.8288624656799143,0.24784999607854907,1.8714868849728372,0.01637037876106362,0.004166666666666541,2,0,0.30631873731649006,0.1678334482140488,1.9402322069785645,0.014443817163410354,0.004166666666666541,1,1,0.6126374746329801,0.47835085971640895,1.5450067008762358,0.06149980560409485,0.0
Dreyer2023,87,7,27,240,1,0.8833333333333332,0.2124999999999999,0.7500;0.8833;0.6708;0.8542;0.6833;0.7125;0.8083,3,0,0.5,0.3757251687659482,1.6835154315272192,0.031456413125826733,0.029166666666666452,1,1,0.7857142857142859,0.21904462665877955,1.894778674567028,0.02545991354428986,0.0,1,1,0.642857142857143,0.7910135095362834,0.5171081786991573,0.22615508463840941,0.0
