dataset,subject,n_trials,n_channels,n_bands,FBCNet,fbcnet_seconds,fbcnet_params,FBCSP,FBCSP_seconds,FBCSP-L2,FBCSP-L2_seconds,AWFBCSP-published,AWFBCSP-published_seconds,AWFBCSP-reg,AWFBCSP-reg_seconds
BNCI2014-001,1,288,22,5,0.8470659407138535,184.1064522266388,6562,0.8992740471869329,3.7484402656555176,0.8854809437386569,4.273897171020508,0.8992740471869329,4.485542058944702,0.9029038112522686,4.267774343490601
BNCI2014-001,2,288,22,5,0.5001814882032668,88.30571031570435,6562,0.6004839685420448,3.7397525310516357,0.6038717483363581,4.278083562850952,0.5970961887477314,4.480295419692993,0.621113127646703,4.278446674346924
BNCI2014-001,3,288,22,5,0.9237144585601935,200.05986070632935,6562,0.9479733817301875,3.745060682296753,0.9339987900786451,4.2805821895599365,0.9479733817301875,4.522742748260498,0.9373865698729583,4.265697002410889
BNCI2014-001,4,288,22,5,0.6736842105263158,155.45224595069885,6562,0.7885662431941924,3.736966133117676,0.7643073200241985,4.249476671218872,0.7989110707803994,4.478467226028442,0.7642468239564428,4.291587591171265
BNCI2014-001,5,288,22,5,0.5314579552329098,93.92823934555054,6562,0.726194797338173,3.7483575344085693,0.7018753781004236,4.283815860748291,0.7192377495462795,4.499863386154175,0.6807017543859649,4.2787158489227295
BNCI2014-001,6,288,22,5,0.5898971566848156,94.96414494514465,6562,0.7081669691470054,3.7476725578308105,0.7014519056261344,4.224267244338989,0.7012704174228677,4.481300354003906,0.7154264972776769,4.277772903442383
BNCI2014-001,7,288,22,5,0.6982456140350877,168.81005215644836,6562,0.8750756200846945,3.7233211994171143,0.8680580762250454,4.169082164764404,0.8680580762250454,4.412670373916626,0.8681790683605565,4.179445505142212
BNCI2014-001,8,288,22,5,0.9549909255898367,191.9403235912323,6562,0.9584392014519058,3.7449419498443604,0.9583787053841502,4.191260576248169,0.9584392014519058,4.4398651123046875,0.9480338777979431,4.182408332824707
BNCI2014-001,9,288,22,5,0.8818511796733212,151.42022228240967,6562,0.8364791288566245,3.7601935863494873,0.8050816696914701,4.25953483581543,0.8330308529945555,4.435633182525635,0.8574107683000605,4.211912393569946
BNCI2014-004,1,720,3,5,0.7569444444444444,196.55838751792908,3522,0.7125,5.0477135181427,0.7208333333333334,5.377897024154663,0.7333333333333334,5.427488088607788,0.7152777777777778,5.397071838378906
BNCI2014-004,2,680,3,5,0.5691176470588235,146.95523762702942,3522,0.5691176470588235,4.745189428329468,0.5661764705882353,5.118408679962158,0.5794117647058824,5.117884874343872,0.5647058823529412,5.062780380249023
BNCI2014-004,3,720,3,5,0.5152777777777777,153.33982467651367,3522,0.5694444444444444,5.011307716369629,0.5666666666666667,5.42943811416626,0.5722222222222222,5.413919925689697,0.5680555555555555,5.414714813232422
BNCI2014-004,4,740,3,5,0.9459459459459459,348.1887631416321,3522,0.9337837837837839,5.148464918136597,0.9378378378378379,5.521129369735718,0.9337837837837839,5.554795503616333,0.9297297297297297,5.462670087814331
BNCI2014-004,5,740,3,5,0.8594594594594595,221.21052646636963,3522,0.8513513513513512,5.173492908477783,0.85,5.548223495483398,0.8527027027027027,5.532065153121948,0.8486486486486486,5.436061859130859
BNCI2014-004,6,720,3,5,0.8041666666666668,234.05717062950134,3522,0.8083333333333333,5.059427738189697,0.8097222222222223,5.409200191497803,0.8125,5.410415887832642,0.8111111111111111,5.41261887550354
BNCI2014-004,7,720,3,5,0.7652777777777778,293.8956708908081,3522,0.7819444444444444,5.004758596420288,0.7722222222222223,5.403546571731567,0.8027777777777777,5.423336029052734,0.7805555555555556,5.383540153503418
BNCI2014-004,8,760,3,5,0.8092105263157896,281.5786597728729,3522,0.7736842105263158,5.252729415893555,0.7736842105263158,5.655881881713867,0.7842105263157895,5.674630641937256,0.7842105263157894,5.702951669692993
BNCI2014-004,9,720,3,5,0.8,194.89177227020264,3522,0.7791666666666666,5.027742147445679,0.7763888888888888,5.326071739196777,0.7694444444444445,5.395549297332764,0.7791666666666667,5.327312469482422
Lee2019-MI,1,100,62,5,0.52,21.02126717567444,12962,0.6199999999999999,3.287545680999756,0.6900000000000001,3.7446579933166504,0.6,3.9474406242370605,0.64,3.753755807876587
Lee2019-MI,2,100,62,5,0.6199999999999999,64.93165969848633,12962,0.97,3.3229892253875732,0.9100000000000001,3.771514415740967,0.97,3.9755592346191406,0.74,3.7887442111968994
Lee2019-MI,3,100,62,5,0.6699999999999999,59.262933015823364,12962,0.9399999999999998,3.2987282276153564,0.9099999999999999,3.7053520679473877,0.9399999999999998,3.9352283477783203,0.9,3.7066800594329834
Lee2019-MI,4,100,62,5,0.8099999999999999,51.81254839897156,12962,0.8200000000000001,3.304964065551758,0.8099999999999999,3.720378875732422,0.8100000000000002,3.959049701690674,0.75,3.715545415878296
Lee2019-MI,5,100,62,5,0.58,27.45923686027527,12962,0.73,3.3025639057159424,0.7700000000000001,3.721644639968872,0.73,3.9514694213867188,0.7700000000000001,3.765178918838501
Lee2019-MI,6,100,62,5,0.8300000000000001,50.017781019210815,12962,0.7300000000000001,3.293461561203003,0.69,3.752739667892456,0.74,3.9495320320129395,0.65,3.7493717670440674
Lee2019-MI,7,100,62,5,0.63,22.169570684432983,12962,0.6900000000000001,3.295234203338623,0.65,3.757988452911377,0.64,3.953178882598877,0.6300000000000001,3.7908308506011963
Lee2019-MI,8,100,62,5,0.55,27.049010515213013,12962,0.65,3.3060414791107178,0.66,3.7228353023529053,0.6300000000000001,3.955019235610962,0.61,3.7201359272003174
Lee2019-MI,9,100,62,5,0.57,27.704853296279907,12962,0.5199999999999999,3.3030638694763184,0.54,3.756796360015869,0.54,3.958516836166382,0.54,3.7236685752868652
Lee2019-MI,10,100,62,5,0.5900000000000001,31.42478895187378,12962,0.7,3.3110973834991455,0.6799999999999999,3.7666819095611572,0.68,3.966390371322632,0.64,3.711649179458618
Lee2019-MI,11,100,62,5,0.58,29.095868825912476,12962,0.5900000000000001,3.3117170333862305,0.6199999999999999,3.7656304836273193,0.61,3.9595439434051514,0.6599999999999999,3.7131307125091553
Lee2019-MI,12,100,62,5,0.65,36.4668231010437,12962,0.7300000000000001,3.3048198223114014,0.7499999999999999,3.765855550765991,0.7200000000000001,3.9616456031799316,0.65,3.7503881454467773
Lee2019-MI,13,100,62,5,0.5,22.176658868789673,12962,0.63,3.319267511367798,0.5900000000000001,3.7395451068878174,0.65,3.9465320110321045,0.62,3.7399747371673584
Lee2019-MI,14,100,62,5,0.55,32.34663009643555,12962,0.55,3.2982828617095947,0.5700000000000001,3.7627968788146973,0.54,3.9570658206939697,0.53,3.7568373680114746
Lee2019-MI,15,100,62,5,0.6900000000000001,43.26731872558594,12962,0.78,3.3264663219451904,0.73,3.7779266834259033,0.7300000000000001,3.9721689224243164,0.6599999999999999,3.7585413455963135
Lee2019-MI,16,100,62,5,0.67,33.20188641548157,12962,0.67,3.3015639781951904,0.6700000000000002,3.7221174240112305,0.6599999999999999,3.951568365097046,0.66,3.7260470390319824
Lee2019-MI,17,100,62,5,0.53,22.603912830352783,12962,0.63,3.3042960166931152,0.57,3.7573277950286865,0.63,3.9592056274414062,0.57,3.820152759552002
Lee2019-MI,18,100,62,5,0.61,37.221654176712036,12962,0.8699999999999999,3.303074598312378,0.82,3.734225034713745,0.8699999999999999,3.940452814102173,0.8600000000000001,3.7092716693878174
Lee2019-MI,19,100,62,5,0.6000000000000001,20.94929552078247,12962,0.67,3.5830905437469482,0.63,3.9991180896759033,0.6799999999999999,4.176115036010742,0.74,3.909868001937866
Lee2019-MI,20,100,62,5,0.5800000000000001,32.14724636077881,12962,0.62,3.324465751647949,0.65,3.7645294666290283,0.62,3.9472951889038086,0.64,3.7123353481292725
Lee2019-MI,21,100,62,5,0.9800000000000001,81.44866824150085,12962,1.0,3.281773090362549,0.96,3.689286947250366,1.0,3.9379444122314453,0.8699999999999999,3.699200391769409
Lee2019-MI,22,100,62,5,0.5199999999999999,22.928480625152588,12962,0.68,3.3006765842437744,0.6599999999999999,3.7655158042907715,0.72,3.9479265213012695,0.6599999999999999,3.701984405517578
Lee2019-MI,23,100,62,5,0.53,33.58522152900696,12962,0.77,3.3078413009643555,0.7700000000000001,3.775301456451416,0.7999999999999999,3.958980083465576,0.8,3.773615598678589
Lee2019-MI,24,100,62,5,0.51,27.316611528396606,12962,0.5799999999999998,3.2815678119659424,0.55,3.714235305786133,0.58,3.9424986839294434,0.53,3.696826457977295
Lee2019-MI,25,100,62,5,0.8099999999999999,76.02307343482971,12962,0.9199999999999999,3.277902126312256,0.8799999999999999,3.728701114654541,0.9199999999999999,3.9384915828704834,0.9,3.7316229343414307
Lee2019-MI,26,100,62,5,0.67,41.30657649040222,12962,0.65,3.292057514190674,0.65,3.743006467819214,0.64,3.932182788848877,0.63,3.6889572143554688
Lee2019-MI,27,100,62,5,0.5900000000000001,36.56277823448181,12962,0.74,3.2930619716644287,0.6799999999999999,3.7199182510375977,0.72,3.924194812774658,0.72,3.7025816440582275
Lee2019-MI,28,100,62,5,0.74,45.630743741989136,12962,0.95,3.3156304359436035,0.9299999999999999,3.7726101875305176,0.95,3.966348886489868,0.89,3.7642898559570312
Lee2019-MI,29,100,62,5,0.95,62.574955463409424,12962,0.96,3.2784366607666016,0.96,3.732595682144165,0.96,3.9463553428649902,0.97,3.730072021484375
Lee2019-MI,30,100,62,5,0.6,40.138009786605835,12962,0.77,3.2731587886810303,0.76,3.7356951236724854,0.76,3.9808287620544434,0.69,3.7303848266601562
Lee2019-MI,31,100,62,5,0.6,46.589200019836426,12962,0.75,3.2878596782684326,0.76,3.729534149169922,0.7699999999999999,3.9276609420776367,0.7299999999999999,3.6816482543945312
Lee2019-MI,32,100,62,5,0.9,80.96381568908691,12962,0.9099999999999999,3.2933499813079834,0.9,3.708125591278076,0.8800000000000001,3.967557668685913,0.8400000000000001,3.7221450805664062
Lee2019-MI,33,100,62,5,0.8300000000000001,78.14835095405579,12962,0.86,3.2856719493865967,0.8,3.740217447280884,0.8699999999999999,3.933582305908203,0.72,3.7520482540130615
Lee2019-MI,34,100,62,5,0.5499999999999999,21.249451637268066,12962,0.5900000000000001,3.2791852951049805,0.57,3.7300283908843994,0.6,3.925348997116089,0.53,3.75089955329895
Lee2019-MI,35,100,62,5,0.6700000000000002,52.70484447479248,12962,0.95,3.279691696166992,0.95,3.700237512588501,0.9700000000000001,3.921128034591675,0.9400000000000001,3.7294342517852783
Lee2019-MI,36,100,62,5,0.97,79.49534130096436,12962,0.97,3.2742626667022705,0.96,3.748885154724121,0.97,3.975801706314087,0.95,3.7679543495178223
Lee2019-MI,37,100,62,5,0.9099999999999999,80.13039350509644,12962,0.99,3.2848565578460693,0.97,3.689399480819702,0.99,3.921050786972046,0.97,3.6855690479278564
Lee2019-MI,38,100,62,5,0.52,24.68529200553894,12962,0.5599999999999999,3.28523850440979,0.56,3.7383408546447754,0.5700000000000001,3.9341418743133545,0.57,3.7370102405548096
Lee2019-MI,39,100,62,5,0.57,40.015931606292725,12962,0.77,3.278592824935913,0.76,3.7492802143096924,0.7500000000000001,3.937955856323242,0.74,3.739227533340454
Lee2019-MI,40,100,62,5,0.65,25.09355092048645,12962,0.62,3.2744956016540527,0.6000000000000001,3.700498342514038,0.62,3.9369537830352783,0.6300000000000001,3.686555862426758
Lee2019-MI,41,100,62,5,0.55,39.09418511390686,12962,0.56,3.3021740913391113,0.6599999999999999,3.751505136489868,0.6,3.960158109664917,0.62,3.747885227203369
Lee2019-MI,42,100,62,5,0.54,26.2583909034729,12962,0.68,3.288257122039795,0.64,3.7428369522094727,0.65,4.0281946659088135,0.65,3.7048017978668213
Lee2019-MI,43,100,62,5,0.5599999999999999,26.733180046081543,12962,0.8299999999999998,3.2936079502105713,0.8100000000000002,3.705357074737549,0.7999999999999999,3.9490160942077637,0.7,3.714416742324829
Lee2019-MI,44,100,62,5,0.8400000000000001,71.57780003547668,12962,0.95,3.3245933055877686,0.9,3.7609519958496094,0.93,3.963799238204956,0.9099999999999999,3.7525758743286133
Lee2019-MI,45,100,62,5,0.52,35.50521659851074,12962,0.89,3.297459840774536,0.7699999999999999,3.7761619091033936,0.8699999999999999,3.934278964996338,0.82,3.7327258586883545
Lee2019-MI,46,100,62,5,0.5399999999999999,22.024657011032104,12962,0.61,3.2853927612304688,0.56,3.7430291175842285,0.6,3.9381110668182373,0.51,3.7545273303985596
Lee2019-MI,47,100,62,5,0.54,24.813836812973022,12962,0.75,3.313431978225708,0.74,3.825100898742676,0.72,4.056868076324463,0.6599999999999999,3.808711290359497
Lee2019-MI,48,100,62,5,0.51,36.216490268707275,12962,0.5800000000000001,3.2905588150024414,0.5900000000000001,3.7864909172058105,0.61,3.9904654026031494,0.53,3.7722551822662354
Lee2019-MI,49,100,62,5,0.58,56.80720639228821,12962,0.8099999999999999,3.273427724838257,0.8299999999999998,3.699147939682007,0.82,3.926985502243042,0.7300000000000001,3.774890899658203
Lee2019-MI,50,100,62,5,0.5599999999999999,23.273674488067627,12962,0.6300000000000001,3.3022992610931396,0.62,3.7675557136535645,0.6,3.9277055263519287,0.52,3.6955831050872803
Lee2019-MI,51,100,62,5,0.49000000000000005,24.23803424835205,12962,0.48999999999999994,3.3095250129699707,0.42000000000000004,3.7800419330596924,0.5,3.981720447540283,0.51,3.7617218494415283
Lee2019-MI,52,100,62,5,0.51,31.571197748184204,12962,0.77,3.306889772415161,0.7700000000000001,3.7626495361328125,0.79,3.9683279991149902,0.6699999999999999,3.7634003162384033
Lee2019-MI,53,100,62,5,0.6199999999999999,30.570988416671753,12962,0.57,3.322552442550659,0.5700000000000001,3.784755229949951,0.5900000000000001,3.969219207763672,0.6100000000000001,3.760457992553711
Lee2019-MI,54,100,62,5,0.51,22.92527961730957,12962,0.5700000000000001,3.3084611892700195,0.5900000000000001,3.725306749343872,0.5700000000000001,3.9631755352020264,0.55,3.7546937465667725
Cho2017,1,200,64,5,0.6599999999999999,63.70310378074646,13282,0.6599999999999999,5.1461663246154785,0.675,5.826446056365967,0.6599999999999999,6.268892526626587,0.665,5.8321616649627686
Cho2017,2,200,64,5,0.515,29.515983819961548,13282,0.525,5.130922079086304,0.525,5.814106464385986,0.515,6.253716468811035,0.475,5.815914154052734
Cho2017,3,200,64,5,0.985,113.5182671546936,13282,0.7950000000000002,5.1168036460876465,0.8,5.8298468589782715,0.79,6.2505340576171875,0.7749999999999999,5.818873167037964
Cho2017,4,200,64,5,0.75,89.19509887695312,13282,0.76,5.143290758132935,0.735,5.7918806076049805,0.76,6.261934280395508,0.735,5.831076622009277
Cho2017,5,200,64,5,0.8099999999999999,94.48363590240479,13282,0.71,5.141539573669434,0.7300000000000001,5.837899446487427,0.705,6.254379510879517,0.76,5.816023588180542
Cho2017,6,200,64,5,0.6849999999999999,59.607046604156494,13282,0.74,5.165894985198975,0.765,5.8448827266693115,0.72,6.297401428222656,0.765,5.8456809520721436
Cho2017,7,240,64,5,0.5916666666666666,43.4296600818634,13282,0.5166666666666667,6.039900302886963,0.5166666666666667,6.860057353973389,0.5166666666666667,7.357657432556152,0.5,6.865202188491821
Cho2017,8,200,64,5,0.49499999999999994,39.441006660461426,13282,0.53,5.134417295455933,0.485,5.836595773696899,0.56,6.245649337768555,0.495,5.8470683097839355
Cho2017,9,240,64,5,0.5958333333333333,45.959818601608276,13282,0.5708333333333333,6.039191722869873,0.575,6.856630802154541,0.5625,7.358330011367798,0.5666666666666667,6.851239204406738
Cho2017,10,200,64,5,0.515,34.11272740364075,13282,0.615,5.122644662857056,0.6,5.794388771057129,0.63,6.249368667602539,0.58,5.809088468551636
Cho2017,11,200,64,5,0.555,32.794528007507324,13282,0.625,5.143498182296753,0.6199999999999999,5.799896478652954,0.625,6.253536701202393,0.58,5.804437160491943
Cho2017,12,200,64,5,0.6599999999999999,60.709776878356934,13282,0.6200000000000001,5.129662990570068,0.635,5.829831123352051,0.625,6.255545616149902,0.645,5.804076433181763
Cho2017,13,200,64,5,0.765,83.67916369438171,13282,0.7949999999999999,5.123074769973755,0.8049999999999999,5.821990728378296,0.7949999999999999,6.33245587348938,0.695,5.8415305614471436
Cho2017,14,200,64,5,0.9549999999999998,101.51706266403198,13282,0.905,5.3404083251953125,0.905,5.939766883850098,0.905,6.243199348449707,0.905,5.828889846801758
Cho2017,15,200,64,5,0.505,31.176037311553955,13282,0.595,5.148801326751709,0.585,5.885780096054077,0.615,6.31800651550293,0.6,5.843103647232056
Cho2017,16,200,64,5,0.49499999999999994,31.513025045394897,13282,0.525,5.1371071338653564,0.52,5.858486652374268,0.525,6.316242218017578,0.515,5.832448959350586
Cho2017,17,200,64,5,0.495,31.18559718132019,13282,0.495,5.13078498840332,0.5050000000000001,5.735706090927124,0.5,6.069606304168701,0.525,5.73662257194519
Cho2017,18,200,64,5,0.61,47.860227823257446,13282,0.64,5.158686399459839,0.6399999999999999,5.810802459716797,0.65,6.256375551223755,0.6,5.811654329299927
Cho2017,19,200,64,5,0.515,31.824987173080444,13282,0.575,5.14122200012207,0.6,5.849464416503906,0.57,6.2547526359558105,0.6,5.870948791503906
Cho2017,20,200,64,5,0.575,44.07424259185791,13282,0.595,5.163644790649414,0.64,5.7450947761535645,0.6,6.12177848815918,0.62,5.7800657749176025
Cho2017,21,200,64,5,0.7449999999999999,77.72356033325195,13282,0.645,5.169905424118042,0.625,5.8564112186431885,0.625,6.3121232986450195,0.6599999999999999,5.858678340911865
Cho2017,22,200,64,5,0.515,31.470921993255615,13282,0.525,5.178391218185425,0.5199999999999999,5.753009557723999,0.5149999999999999,6.08972692489624,0.505,5.762429237365723
Cho2017,23,200,64,5,0.76,110.10180592536926,13282,0.71,5.1449971199035645,0.685,5.751935720443726,0.6849999999999999,6.1099066734313965,0.7149999999999999,5.728092908859253
Cho2017,24,200,64,5,0.6950000000000001,71.52828741073608,13282,0.575,5.232420444488525,0.5650000000000001,5.753889322280884,0.595,6.085492372512817,0.5800000000000001,5.7507336139678955
Cho2017,25,200,64,5,0.525,31.890600204467773,13282,0.55,5.155355453491211,0.5399999999999999,5.764236927032471,0.5349999999999999,6.092530012130737,0.575,5.75791072845459
Cho2017,26,200,64,5,0.645,72.05075430870056,13282,0.6950000000000001,5.144641399383545,0.7,5.723232269287109,0.725,6.077397346496582,0.705,5.7579240798950195
Cho2017,27,200,64,5,0.5449999999999999,29.937299966812134,13282,0.595,5.175290822982788,0.545,5.758657932281494,0.58,6.079189777374268,0.565,5.710537433624268
Cho2017,28,200,64,5,0.575,53.12557029724121,13282,0.595,5.12071681022644,0.54,5.783814907073975,0.595,6.297492742538452,0.55,5.840728521347046
Cho2017,29,200,64,5,0.53,35.32093572616577,13282,0.5450000000000002,5.143380165100098,0.5650000000000001,5.761456727981567,0.5599999999999999,6.113492250442505,0.595,5.763958692550659
Cho2017,30,200,64,5,0.5650000000000001,36.73478579521179,13282,0.6,5.127676725387573,0.57,5.699703931808472,0.595,6.079845666885376,0.525,5.71164083480835
Cho2017,31,200,64,5,0.7100000000000001,74.09335660934448,13282,0.5349999999999999,5.148513555526733,0.54,5.797996759414673,0.5549999999999999,6.1368067264556885,0.5549999999999999,5.738450765609741
Cho2017,32,200,64,5,0.515,30.490978479385376,13282,0.47000000000000003,5.129148960113525,0.48999999999999994,5.745397090911865,0.475,6.076802492141724,0.45999999999999996,5.736961364746094
Cho2017,33,200,64,5,0.49000000000000005,34.17026615142822,13282,0.45,5.128327131271362,0.505,5.828822612762451,0.45499999999999996,6.2381157875061035,0.45,5.834104061126709
Cho2017,34,200,64,5,0.5599999999999999,31.170243501663208,13282,0.5700000000000001,5.148801326751709,0.5549999999999999,5.769259691238403,0.575,6.123096466064453,0.5349999999999999,5.766653776168823
Cho2017,35,200,64,5,0.8550000000000001,97.89098954200745,13282,0.7849999999999999,5.132856369018555,0.7949999999999999,5.744688987731934,0.78,6.078016996383667,0.79,5.717072486877441
Cho2017,36,200,64,5,0.645,49.99424624443054,13282,0.5449999999999999,5.134974479675293,0.525,5.728471994400024,0.5650000000000001,6.101797580718994,0.53,5.7417285442352295
Cho2017,37,200,64,5,0.66,51.30227541923523,13282,0.7649999999999999,5.180152893066406,0.78,5.755303621292114,0.755,6.133441925048828,0.755,5.7884650230407715
Cho2017,38,200,64,5,0.525,29.984212160110474,13282,0.5650000000000001,5.146299123764038,0.54,5.737423896789551,0.5450000000000002,6.101945161819458,0.5700000000000001,5.728579998016357
Cho2017,39,200,64,5,0.65,52.65366554260254,13282,0.635,5.155920505523682,0.625,5.874960422515869,0.6449999999999999,6.265324115753174,0.6050000000000001,5.824301719665527
Cho2017,40,200,64,5,0.56,43.5859649181366,13282,0.53,5.14920711517334,0.48999999999999994,5.733426570892334,0.5349999999999999,6.097672700881958,0.48,5.732116937637329
Cho2017,41,200,64,5,0.595,73.762868642807,13282,0.715,5.137651443481445,0.685,5.748798608779907,0.705,6.073004484176636,0.6900000000000001,5.736809730529785
Cho2017,42,200,64,5,0.6,65.32130718231201,13282,0.5349999999999999,5.129826784133911,0.52,5.707343339920044,0.545,6.08953070640564,0.5200000000000001,5.707782506942749
Cho2017,43,200,64,5,0.975,103.28822898864746,13282,0.97,5.139392852783203,0.9549999999999998,5.717636823654175,0.97,6.0866193771362305,0.9400000000000001,5.725332736968994
Cho2017,44,200,64,5,0.765,111.87279081344604,13282,0.76,5.137530326843262,0.765,5.748171806335449,0.7649999999999999,6.085144519805908,0.73,5.754848003387451
Cho2017,45,200,64,5,0.52,36.71416711807251,13282,0.465,5.146142482757568,0.43000000000000005,5.7141900062561035,0.45,6.07108473777771,0.38499999999999995,5.705532550811768
Cho2017,46,240,64,5,0.7041666666666667,109.99124097824097,13282,0.7916666666666666,6.069098472595215,0.775,6.889103889465332,0.8125,7.4006311893463135,0.7458333333333333,6.870664834976196
Cho2017,47,200,64,5,0.6849999999999999,36.650235414505005,13282,0.495,5.129390239715576,0.49499999999999994,5.7288172245025635,0.5,6.061542987823486,0.5399999999999999,5.745825290679932
Cho2017,48,200,64,5,0.8850000000000001,113.90078163146973,13282,0.805,5.128740072250366,0.765,5.7286458015441895,0.8100000000000002,6.0809996128082275,0.78,5.720578193664551
Cho2017,49,200,64,5,0.8099999999999999,90.85612154006958,13282,0.74,5.14066219329834,0.725,5.749799489974976,0.725,6.082715749740601,0.75,5.7237229347229
Cho2017,50,200,64,5,0.8550000000000001,91.21064114570618,13282,0.825,5.141574859619141,0.7849999999999999,5.747298955917358,0.835,6.074993848800659,0.8,5.736392021179199
Cho2017,51,200,64,5,0.5050000000000001,32.36018943786621,13282,0.49499999999999994,5.135986328125,0.505,5.772003412246704,0.51,6.0707688331604,0.465,5.736963748931885
Cho2017,52,200,64,5,0.47000000000000003,34.89658570289612,13282,0.6900000000000001,5.138742923736572,0.655,5.8272998332977295,0.6849999999999999,6.282253742218018,0.655,5.847956418991089
Dreyer2023,1,240,27,5,0.8166666666666667,187.4246904850006,7362,0.8125,4.060293674468994,0.7875000000000001,4.688195466995239,0.825,5.0151686668396,0.825,4.667084693908691
Dreyer2023,2,240,27,5,0.6583333333333333,144.3648452758789,7362,0.5916666666666667,4.053433418273926,0.5791666666666667,4.679437160491943,0.5833333333333333,4.999035596847534,0.5833333333333334,4.682605981826782
Dreyer2023,3,240,27,5,0.9708333333333334,218.90274667739868,7362,0.9625,4.06891942024231,0.9333333333333333,4.662853479385376,0.9666666666666668,5.000377178192139,0.8958333333333333,4.688522815704346
Dreyer2023,4,240,27,5,0.5249999999999999,69.36930823326111,7362,0.7125,4.080434560775757,0.7083333333333334,4.683931350708008,0.7083333333333333,5.006052017211914,0.6791666666666666,4.695221424102783
Dreyer2023,5,240,27,5,0.7249999999999999,149.25254201889038,7362,0.6625,4.066061973571777,0.6625,4.65064001083374,0.6541666666666667,5.010972738265991,0.6583333333333333,4.688641786575317
Dreyer2023,6,240,27,5,0.6166666666666666,118.52194690704346,7362,0.7791666666666666,4.0651161670684814,0.7791666666666666,4.693875789642334,0.7875000000000001,5.007345676422119,0.7791666666666667,4.697347402572632
Dreyer2023,7,240,27,5,0.6083333333333333,181.38733220100403,7362,0.725,4.153254747390747,0.6916666666666667,4.729072332382202,0.725,5.045161247253418,0.6958333333333333,4.710497140884399
Dreyer2023,8,240,27,5,0.5291666666666667,92.568030834198,7362,0.6833333333333333,4.084763050079346,0.6875000000000001,4.693036079406738,0.6833333333333333,5.005266427993774,0.6833333333333333,4.697066068649292
Dreyer2023,9,240,27,5,0.7333333333333333,175.17211627960205,7362,0.8083333333333333,4.06213116645813,0.7874999999999999,4.71137809753418,0.8166666666666667,5.016403913497925,0.7875000000000001,4.65763258934021
Dreyer2023,10,240,27,5,0.8708333333333332,168.28166007995605,7362,0.8791666666666667,4.071614027023315,0.8833333333333334,4.6903769969940186,0.8916666666666666,5.00883412361145,0.8833333333333332,4.672374963760376
Dreyer2023,11,240,27,5,0.6916666666666667,170.91676664352417,7362,0.7,4.066594123840332,0.7,4.686946630477905,0.7000000000000001,5.022541761398315,0.6583333333333333,4.689385890960693
Dreyer2023,12,240,27,5,0.75,158.9643738269806,7362,0.6583333333333333,4.05098032951355,0.6375,4.653762578964233,0.6583333333333333,4.998678684234619,0.6333333333333333,4.641638517379761
Dreyer2023,13,240,27,5,0.6875,137.9023187160492,7362,0.65,4.096031904220581,0.6833333333333333,4.664215326309204,0.625,5.010140895843506,0.6541666666666666,4.64284873008728
Dreyer2023,14,240,27,5,0.5083333333333333,64.5089840888977,7362,0.5875000000000001,4.063897132873535,0.6125,4.688486576080322,0.5958333333333334,4.996733665466309,0.5583333333333333,4.680878162384033
Dreyer2023,15,240,27,5,0.6791666666666667,131.29467034339905,7362,0.7583333333333333,4.070314645767212,0.75,4.648472785949707,0.7583333333333334,4.999433755874634,0.7416666666666667,4.689921855926514
Dreyer2023,16,240,27,5,0.575,71.80969047546387,7362,0.6416666666666666,4.071364164352417,0.6333333333333333,4.650464296340942,0.6291666666666667,5.020630598068237,0.6458333333333333,4.698686122894287
Dreyer2023,17,240,27,5,0.6541666666666667,79.31752467155457,7362,0.6333333333333334,4.059666156768799,0.6208333333333333,4.680339336395264,0.6333333333333334,5.217116832733154,0.6583333333333333,4.678974628448486
Dreyer2023,18,240,27,5,0.8833333333333334,178.55997490882874,7362,0.8666666666666666,4.070294141769409,0.8541666666666667,4.6920859813690186,0.8708333333333332,5.003357410430908,0.8125,4.642210006713867
Dreyer2023,19,240,27,5,0.95,209.1431806087494,7362,0.9375,4.084287166595459,0.9333333333333332,4.662543773651123,0.9375,4.98505711555481,0.9416666666666667,4.652510404586792
Dreyer2023,20,240,27,5,0.8666666666666668,155.69969964027405,7362,0.9,4.072445631027222,0.8958333333333334,4.64238429069519,0.9041666666666666,4.990602254867554,0.9125,4.663670063018799
Dreyer2023,21,240,27,5,0.7375,172.871737241745,7362,0.7083333333333333,4.072554588317871,0.6833333333333333,4.703656911849976,0.7208333333333333,5.008748292922974,0.6833333333333333,4.699153184890747
Dreyer2023,22,240,27,5,0.875,195.94683647155762,7362,0.8833333333333334,4.055785179138184,0.8375,4.681906700134277,0.8791666666666668,4.992574453353882,0.85,4.661280632019043
Dreyer2023,23,240,27,5,0.6041666666666667,68.4639847278595,7362,0.7375,4.057401657104492,0.7083333333333334,4.676265716552734,0.7208333333333334,5.013923406600952,0.7208333333333334,4.682574510574341
Dreyer2023,24,240,27,5,0.9125,234.53812670707703,7362,0.9458333333333334,4.0861146450042725,0.9333333333333333,4.702745199203491,0.9458333333333334,5.042027711868286,0.9375,4.725697040557861
Dreyer2023,25,240,27,5,0.9291666666666668,201.87045812606812,7362,0.8958333333333333,4.082719564437866,0.8833333333333332,4.654240608215332,0.9,5.009530544281006,0.8791666666666667,4.646914482116699
Dreyer2023,26,240,27,5,0.7791666666666666,140.3268597126007,7362,0.7791666666666667,4.0671446323394775,0.7666666666666667,4.640523672103882,0.7666666666666668,5.0003273487091064,0.7458333333333333,4.647368907928467
Dreyer2023,27,240,27,5,0.5125,59.919543504714966,7362,0.5125,4.067483186721802,0.4875000000000001,4.645135879516602,0.5041666666666667,4.998414516448975,0.4958333333333334,4.634802579879761
Dreyer2023,28,240,27,5,0.5083333333333333,59.12107062339783,7362,0.5833333333333333,4.070943832397461,0.5625,4.739317893981934,0.5750000000000001,5.064947605133057,0.5708333333333333,4.700968503952026
Dreyer2023,29,240,27,5,0.6333333333333334,106.02489686012268,7362,0.6583333333333333,4.0806005001068115,0.6208333333333333,4.736824989318848,0.6625,5.01521110534668,0.6458333333333333,4.69663667678833
Dreyer2023,30,240,27,5,0.5791666666666667,92.48819351196289,7362,0.6833333333333333,4.061408758163452,0.6583333333333333,4.684680700302124,0.6833333333333333,5.0066657066345215,0.6208333333333333,4.687915802001953
Dreyer2023,31,240,27,5,0.5916666666666667,112.12748169898987,7362,0.6375,4.080796003341675,0.6375,4.687064170837402,0.6375,5.0078771114349365,0.6708333333333334,4.691493034362793
Dreyer2023,32,240,27,5,0.6375,84.66607308387756,7362,0.7124999999999999,4.063570499420166,0.6791666666666667,4.701946973800659,0.7083333333333333,5.016524076461792,0.6958333333333334,4.686034202575684
Dreyer2023,33,240,27,5,0.7583333333333333,176.16403150558472,7362,0.8541666666666667,4.066088438034058,0.8541666666666667,4.689229249954224,0.8541666666666666,5.004451274871826,0.825,4.686645984649658
Dreyer2023,34,240,27,5,0.5666666666666667,65.08022427558899,7362,0.7208333333333333,4.10344934463501,0.65,4.6847662925720215,0.7208333333333334,4.993203639984131,0.5833333333333333,4.6886022090911865
Dreyer2023,35,240,27,5,0.9333333333333333,199.3931393623352,7362,0.9291666666666666,4.0571911334991455,0.9083333333333334,4.63615083694458,0.925,4.994222640991211,0.9125,4.654094696044922
Dreyer2023,36,240,27,5,0.6666666666666667,100.4368166923523,7362,0.6833333333333333,4.0892674922943115,0.725,4.714925289154053,0.6833333333333333,5.031327724456787,0.7208333333333333,4.697683572769165
Dreyer2023,37,240,27,5,0.6458333333333333,128.78327870368958,7362,0.7083333333333333,4.084674119949341,0.7291666666666666,4.696012496948242,0.7,5.027543544769287,0.7166666666666666,4.695265769958496
Dreyer2023,38,240,27,5,0.7958333333333333,146.15944075584412,7362,0.7333333333333333,4.07784104347229,0.7416666666666666,4.693927049636841,0.7458333333333333,5.006709814071655,0.7125,4.699194431304932
Dreyer2023,39,240,27,5,0.8958333333333333,206.5981523990631,7362,0.9,4.054197311401367,0.8875,4.685663938522339,0.9,5.000072240829468,0.875,4.683555841445923
Dreyer2023,40,232,27,5,0.586308973172988,91.56580233573914,7362,0.6380203515263644,3.949946880340576,0.6294172062904717,4.555480003356934,0.6422756706753006,4.851785898208618,0.6683626271970398,4.544766187667847
Dreyer2023,41,240,27,5,0.5250000000000001,65.16259694099426,7362,0.7,4.077320575714111,0.675,4.693761110305786,0.7125,4.999107360839844,0.7083333333333334,4.704277276992798
Dreyer2023,42,240,27,5,0.5916666666666666,84.93572330474854,7362,0.5875,4.060704231262207,0.5999999999999999,4.679319858551025,0.5791666666666667,5.04864764213562,0.5791666666666667,4.685780048370361
Dreyer2023,43,240,27,5,0.5708333333333333,68.77488374710083,7362,0.5916666666666667,4.0681657791137695,0.5958333333333334,4.699603319168091,0.6041666666666667,5.0113232135772705,0.5708333333333333,4.654835939407349
Dreyer2023,44,240,27,5,0.6083333333333333,84.71460843086243,7362,0.5624999999999999,4.089144229888916,0.5791666666666666,4.653438091278076,0.5625,5.011074781417847,0.5916666666666667,4.689189434051514
Dreyer2023,45,240,27,5,0.5875,60.7850866317749,7362,0.6416666666666666,4.058719158172607,0.6375,4.643348693847656,0.6333333333333334,4.998337745666504,0.6249999999999999,4.639985799789429
Dreyer2023,46,240,27,5,0.5375,77.34842920303345,7362,0.5833333333333333,4.071985483169556,0.6208333333333333,4.638569593429565,0.6083333333333333,4.9912354946136475,0.6250000000000001,4.658315420150757
Dreyer2023,47,240,27,5,0.6791666666666667,162.84510612487793,7362,0.6333333333333333,4.07803201675415,0.6125,4.694691896438599,0.6375,5.006896257400513,0.6208333333333333,4.689756393432617
Dreyer2023,48,240,27,5,0.825,201.0871262550354,7362,0.8458333333333334,4.080641031265259,0.8375,4.674502611160278,0.8333333333333334,4.984337091445923,0.8166666666666667,4.679064989089966
Dreyer2023,49,240,27,5,0.8166666666666667,196.8287501335144,7362,0.8458333333333332,4.083023548126221,0.8208333333333334,4.681036472320557,0.8375,5.001204490661621,0.825,4.702565670013428
Dreyer2023,50,240,27,5,0.4875,75.85846376419067,7362,0.5375,4.084248065948486,0.5458333333333334,4.675014495849609,0.5374999999999999,5.028143644332886,0.5249999999999999,4.676287412643433
Dreyer2023,51,240,27,5,0.5291666666666667,90.71841192245483,7362,0.7208333333333333,4.060883283615112,0.6958333333333334,4.703616380691528,0.7125,5.005670785903931,0.7041666666666667,4.686485290527344
Dreyer2023,52,240,27,5,0.7916666666666667,195.28461003303528,7362,0.8958333333333334,4.048616886138916,0.8666666666666666,4.686736345291138,0.8916666666666668,5.004419565200806,0.8583333333333334,4.663125276565552
Dreyer2023,53,240,27,5,0.6291666666666667,128.86986374855042,7362,0.6875,4.056419849395752,0.6833333333333333,4.678607225418091,0.6958333333333332,4.996297836303711,0.6791666666666666,4.669335126876831
Dreyer2023,54,240,27,5,0.4833333333333333,77.7407636642456,7362,0.6416666666666666,4.059890031814575,0.6250000000000001,4.666868209838867,0.6375,4.995979070663452,0.6375,4.638891935348511
Dreyer2023,55,240,27,5,0.9291666666666666,233.0779173374176,7362,0.9541666666666666,4.068446636199951,0.9416666666666667,4.675950765609741,0.9541666666666668,4.998935222625732,0.9541666666666666,4.670600414276123
Dreyer2023,56,240,27,5,0.9625,231.07973051071167,7362,0.9791666666666666,4.058830738067627,0.9708333333333332,4.65163516998291,0.9791666666666666,5.013636350631714,0.975,4.655153274536133
Dreyer2023,57,240,27,5,0.6416666666666667,147.00076246261597,7362,0.7583333333333332,4.0878167152404785,0.6749999999999999,4.7148308753967285,0.7416666666666666,5.041233062744141,0.7208333333333334,4.7075440883636475
Dreyer2023,58,240,27,5,0.7708333333333334,196.58455061912537,7362,0.7958333333333333,4.087161540985107,0.7916666666666666,4.713673830032349,0.7916666666666666,5.025408029556274,0.7874999999999999,4.704676389694214
Dreyer2023,59,160,27,5,0.5375,46.99055790901184,7362,0.675,2.7204701900482178,0.68125,3.157970666885376,0.66875,3.387259006500244,0.675,3.1941192150115967
Dreyer2023,60,240,27,5,0.5541666666666667,112.5762288570404,7362,0.5875000000000001,4.0650482177734375,0.5583333333333333,4.677983999252319,0.575,5.006956577301025,0.6,4.688770771026611
Dreyer2023,61,240,27,5,0.8541666666666666,227.94460535049438,7362,0.8958333333333334,4.068381309509277,0.8791666666666668,4.691925764083862,0.8958333333333334,5.013248920440674,0.8875,4.67896294593811
Dreyer2023,62,240,27,5,0.8833333333333334,239.06866216659546,7362,0.875,4.062574625015259,0.875,4.6671788692474365,0.8833333333333332,4.985874176025391,0.7999999999999999,4.676000356674194
Dreyer2023,63,240,27,5,0.5833333333333333,119.71479272842407,7362,0.7416666666666666,4.057432651519775,0.7333333333333333,4.683868646621704,0.7375,4.994693279266357,0.7499999999999999,4.681490659713745
Dreyer2023,64,240,27,5,0.5083333333333334,63.452903747558594,7362,0.6,4.066734790802002,0.6166666666666667,4.690927982330322,0.6083333333333333,4.9981794357299805,0.5916666666666667,4.681756496429443
Dreyer2023,65,240,27,5,0.8791666666666667,199.84377312660217,7362,0.8916666666666668,4.071486473083496,0.8875,4.689611911773682,0.8916666666666668,5.001696348190308,0.9083333333333334,4.655787229537964
Dreyer2023,66,240,27,5,0.5624999999999999,72.71186304092407,7362,0.7000000000000001,4.072891712188721,0.7041666666666666,4.631525754928589,0.6958333333333333,4.997849702835083,0.6416666666666667,4.651966571807861
Dreyer2023,67,240,27,5,0.5458333333333334,65.6256332397461,7362,0.675,4.0638885498046875,0.6625000000000001,4.6471498012542725,0.675,4.989313125610352,0.675,4.646662473678589
Dreyer2023,68,240,27,5,0.5375,63.33381414413452,7362,0.5916666666666666,4.082654714584351,0.5874999999999999,4.687950134277344,0.575,5.016970872879028,0.5916666666666667,4.644869089126587
Dreyer2023,69,240,27,5,0.8833333333333332,193.31918835639954,7362,0.9166666666666666,4.069000005722046,0.8958333333333334,4.701527833938599,0.9208333333333332,5.049750089645386,0.9,4.710285902023315
Dreyer2023,70,240,27,5,0.5249999999999999,70.97423815727234,7362,0.5916666666666667,4.081914901733398,0.5875,4.711296319961548,0.5958333333333334,5.028904676437378,0.5833333333333333,4.7181456089019775
Dreyer2023,71,240,27,5,0.5875,90.88796329498291,7362,0.525,4.090730905532837,0.5291666666666667,4.754983186721802,0.5375,5.047640800476074,0.5375000000000001,4.712224960327148
Dreyer2023,72,240,27,5,0.4875,66.67801642417908,7362,0.5166666666666667,4.083022356033325,0.5291666666666667,4.665056467056274,0.5083333333333334,5.013304233551025,0.5166666666666666,4.696369171142578
Dreyer2023,73,240,27,5,0.9583333333333334,238.69201350212097,7362,0.9875,4.074612379074097,0.9833333333333332,4.680281639099121,0.9833333333333332,5.014130115509033,0.9833333333333334,4.703721523284912
Dreyer2023,74,240,27,5,0.7583333333333334,161.95755195617676,7362,0.8041666666666666,4.094203948974609,0.7666666666666667,4.681686639785767,0.7958333333333333,5.010190486907959,0.775,4.687960863113403
Dreyer2023,75,240,27,5,0.5583333333333333,78.12699508666992,7362,0.7083333333333334,4.066991329193115,0.675,4.692087650299072,0.7041666666666666,5.0081517696380615,0.6666666666666666,4.666203260421753
Dreyer2023,76,240,27,5,0.9333333333333333,189.59207105636597,7362,0.975,4.0676422119140625,0.975,4.649057865142822,0.975,5.004455089569092,0.9583333333333334,4.696487665176392
Dreyer2023,77,240,27,5,0.5666666666666667,80.85108041763306,7362,0.5583333333333333,4.070126295089722,0.6125,4.6852240562438965,0.5791666666666667,5.011051654815674,0.6083333333333333,4.700423002243042
Dreyer2023,78,240,27,5,0.8291666666666666,166.16221451759338,7362,0.8041666666666666,4.089080572128296,0.8208333333333334,4.665529489517212,0.8166666666666667,5.006794452667236,0.825,4.691738843917847
Dreyer2023,79,240,27,5,0.9375,213.23833584785461,7362,0.9458333333333334,4.086153268814087,0.9333333333333333,4.68684983253479,0.95,5.00374960899353,0.9416666666666667,4.67213773727417
Dreyer2023,80,240,27,5,0.5125,56.92501258850098,7362,0.5291666666666667,4.0894458293914795,0.5333333333333333,4.687139511108398,0.5291666666666666,5.002588272094727,0.5541666666666667,4.688626289367676
Dreyer2023,81,240,27,5,0.5333333333333333,57.080599784851074,7362,0.5875000000000001,4.086205959320068,0.5833333333333333,4.646157503128052,0.6166666666666667,4.997683763504028,0.5333333333333333,4.646212577819824
Dreyer2023,82,240,27,5,0.5958333333333334,94.01809072494507,7362,0.5791666666666666,4.07809042930603,0.5750000000000001,4.700728178024292,0.5791666666666666,5.021656036376953,0.5666666666666667,4.7063682079315186
Dreyer2023,83,240,27,5,0.8166666666666667,136.22102189064026,7362,0.8,4.067734003067017,0.7541666666666667,4.704924821853638,0.8083333333333333,5.016706943511963,0.7666666666666667,4.646974325180054
Dreyer2023,84,240,27,5,0.7875,176.35921096801758,7362,0.7875,4.099045991897583,0.7375,4.676517963409424,0.7875,5.025449514389038,0.7666666666666666,4.68092679977417
Dreyer2023,85,240,27,5,0.8375,204.08532118797302,7362,0.8291666666666666,4.071274757385254,0.825,4.6957848072052,0.8291666666666666,5.024451732635498,0.8083333333333333,4.696884632110596
Dreyer2023,86,240,27,5,0.5083333333333334,91.35434651374817,7362,0.6708333333333333,4.096921443939209,0.6791666666666666,4.715827465057373,0.6375,5.025489807128906,0.6416666666666666,4.7044618129730225
Dreyer2023,87,240,27,5,0.8375,104.05247783660889,7362,0.875,4.082826614379883,0.8958333333333333,4.688873052597046,0.875,5.009702205657959,0.8875,4.695526361465454
