dataset,subject,n_trials,n_channels,n_bands,tau,entropy,deficit,max_w,mi_range,argmax_w,argmax_disc,peak_correct,weights,disc,g0.0,g0.5,g1.0,g2.0,g4.0,gain,gain_best,FBCSP,FBCSP+MIBIF,AWFBCSP-published,AWFBCSP-noweight,published_minus_noweight
BNCI2014-001,1,288,22,5,0.015,1.4075631228473928,0.20187478958670746,0.43543061859915094,0.029649060098313695,1,1,1,0.0603;0.4354;0.2110;0.0999;0.1933,0.1100;0.1448;0.0504;0.0780;0.1193,0.8854809437386569,0.8958862673926195,0.9029038112522686,0.9202661826981247,0.868118572292801,0.017422867513611662,0.034785238959467724,0.8992740471869329,0.9095583787053843,0.8992740471869329,0.8992740471869329,0.0
BNCI2014-001,2,288,22,5,0.015,1.1482469677301803,0.46119094470391997,0.628695983205296,0.036877813134172564,3,1,0,0.0804;0.1511;0.0861;0.6287;0.0538,0.0229;0.0506;0.0393;0.0233;0.0179,0.6038717483363581,0.6036902601330913,0.621113127646703,0.5483363581367211,0.5521476104053237,0.017241379310344862,0.017241379310344862,0.6004839685420448,0.6179673321234119,0.5970961887477314,0.5970961887477314,0.0
BNCI2014-001,3,288,22,5,0.015,1.5706139253947198,0.0388239870393805,0.3063748268250742,0.012436644964125554,2,0,0,0.1829;0.1337;0.3064;0.1774;0.1996,0.2358;0.0992;0.0447;0.1324;0.0506,0.9339987900786451,0.9304295220810648,0.9373865698729583,0.9304295220810648,0.8436781609195402,0.0033877797943132615,0.0033877797943132615,0.9479733817301875,0.9479128856624321,0.9479733817301875,0.9479733817301875,0.0
BNCI2014-001,4,288,22,5,0.015,1.4920748304144222,0.11736308201967804,0.34899570847296063,0.025347588999967474,0,0,1,0.3490;0.2449;0.0644;0.1640;0.1777,0.0720;0.0648;0.0695;0.0557;0.0486,0.7643073200241985,0.7607380520266183,0.7642468239564428,0.7155474894131881,0.6599516031457956,-6.0496067755710925e-05,0.0,0.7885662431941924,0.6949788263762855,0.7989110707803994,0.7989110707803994,0.0
BNCI2014-001,5,288,22,5,0.015,1.237593909460644,0.3718440029734562,0.5900705302785633,0.028847245359101027,2,4,0,0.1008;0.0862;0.5901;0.1358;0.0871,0.0454;0.0383;0.0460;0.0323;0.0670,0.7018753781004236,0.6808227465214761,0.6807017543859649,0.5904416212946157,0.562431941923775,-0.021173623714458634,0.0,0.726194797338173,0.6951603145795524,0.7192377495462795,0.7192377495462795,0.0
BNCI2014-001,6,288,22,5,0.015,1.1068006008985287,0.5026373115355716,0.51198445113935,0.04318254717328163,3,0,0,0.3612;0.0288;0.0577;0.5120;0.0404,0.0947;0.0333;0.0492;0.0545;0.0300,0.7014519056261344,0.7050816696914701,0.7154264972776769,0.7083484573502722,0.6563823351482153,0.013974591651542578,0.013974591651542578,0.7081669691470054,0.6738656987295826,0.7012704174228677,0.7012704174228677,0.0
BNCI2014-001,7,288,22,5,0.015,1.5225973699204114,0.08684054251368889,0.3616713377070457,0.014915365937536135,3,3,1,0.1338;0.1387;0.2251;0.3617;0.1408,0.0795;0.0638;0.1112;0.1157;0.0429,0.8680580762250454,0.8646098003629763,0.8681790683605565,0.8611615245009074,0.7920145190562613,0.00012099213551108878,0.00012099213551108878,0.8750756200846945,0.8333938294010889,0.8680580762250454,0.8680580762250454,0.0
BNCI2014-001,8,288,22,5,0.015,0.9133231935131827,0.6961147189209176,0.7439885424022833,0.040466954388337285,0,0,1,0.7440;0.0509;0.0585;0.0965;0.0501,0.2535;0.0704;0.1358;0.1208;0.0781,0.9583787053841502,0.961826981246219,0.9480338777979431,0.9343012704174228,0.9135511191772535,-0.010344827586207028,0.0034482758620688614,0.9584392014519058,0.9515426497277677,0.9584392014519058,0.9584392014519058,0.0
BNCI2014-001,9,288,22,5,0.015,0.43749408302190607,1.1719438294121942,0.8862397109178056,0.07492105994648209,3,3,1,0.0903;0.0095;0.0060;0.8862;0.0079,0.1500;0.0564;0.0852;0.1501;0.0670,0.8050816696914701,0.8364186327888687,0.8574107683000605,0.8263157894736842,0.8158499697519661,0.05232909860859036,0.05232909860859036,0.8364791288566245,0.84010889292196,0.8330308529945555,0.8330308529945555,0.0
BNCI2014-004,1,720,3,5,0.015,1.431853022240037,0.17758489019406332,0.3835689735515544,0.026804451585325552,1,0,0,0.2891;0.3836;0.1075;0.0642;0.1556,0.0953;0.0676;0.0000;0.0559;0.0131,0.7208333333333334,0.7194444444444443,0.7152777777777778,0.7180555555555556,0.675,-0.005555555555555647,0.0,0.7125,0.6986111111111111,0.7333333333333334,0.7333333333333334,0.0
BNCI2014-004,2,680,3,5,0.015,1.3174603452517224,0.2919775671823779,0.43058725127377073,0.03481959878588362,4,0,0,0.2789;0.2023;0.0460;0.0423;0.4306,0.0149;0.0091;0.0011;0.0000;0.0042,0.5661764705882353,0.5705882352941176,0.5647058823529412,0.5691176470588235,0.5823529411764705,-0.0014705882352941124,0.016176470588235237,0.5691176470588235,0.5867647058823529,0.5794117647058824,0.5794117647058824,0.0
BNCI2014-004,3,720,3,5,0.015,1.5629367649368944,0.04650114749720591,0.3073935254078934,0.012464223120754125,3,2,0,0.1839;0.1339;0.2258;0.3074;0.1490,0.0000;0.0005;0.0198;0.0000;0.0037,0.5666666666666667,0.5652777777777778,0.5680555555555555,0.5652777777777778,0.5666666666666667,0.001388888888888884,0.001388888888888884,0.5694444444444444,0.523611111111111,0.5722222222222222,0.5722222222222222,0.0
BNCI2014-004,4,740,3,5,0.015,0.09773976613359305,1.5116981463005073,0.9817994954944262,0.13424349696922122,0,0,1,0.9818;0.0004;0.0012;0.0166;0.0001,0.5215;0.0283;0.1028;0.2404;0.0050,0.9378378378378379,0.9337837837837839,0.9297297297297297,0.9283783783783784,0.9283783783783784,-0.008108108108108247,0.0,0.9337837837837839,0.9351351351351352,0.9337837837837839,0.9337837837837839,0.0
BNCI2014-004,5,740,3,5,0.015,0.056830400586067566,1.5526075118480327,0.9917124277136351,0.11524835394094346,4,4,1,0.0007;0.0029;0.0005;0.0043;0.9917,0.0706;0.0887;0.0262;0.0950;0.3154,0.85,0.85,0.8486486486486486,0.8486486486486486,0.8486486486486486,-0.0013513513513513375,0.0,0.8513513513513512,0.845945945945946,0.8527027027027027,0.8527027027027027,0.0
BNCI2014-004,6,720,3,5,0.015,0.6860118878351004,0.9234260245989999,0.819445849543835,0.06941146879550504,1,1,1,0.0723;0.8194;0.0080;0.0670;0.0332,0.1374;0.1857;0.0267;0.1081;0.1082,0.8097222222222223,0.8013888888888887,0.8111111111111111,0.7958333333333334,0.7430555555555556,0.001388888888888773,0.001388888888888773,0.8083333333333333,0.8055555555555557,0.8125,0.8125,0.0
BNCI2014-004,7,720,3,5,0.015,0.5736313148139797,1.0358065976201205,0.86494307991494,0.0597036293716439,1,1,1,0.0292;0.8649;0.0162;0.0475;0.0422,0.0119;0.2290;0.0000;0.0044;0.0313,0.7722222222222223,0.775,0.7805555555555556,0.7680555555555555,0.7569444444444444,0.008333333333333304,0.008333333333333304,0.7819444444444444,0.7625,0.8027777777777777,0.8027777777777777,0.0
BNCI2014-004,8,760,3,5,0.015,0.2878067713623498,1.3216311410717505,0.9408289696830877,0.08389735190988097,0,0,1,0.9408;0.0039;0.0243;0.0276;0.0035,0.2129;0.0284;0.0000;0.1193;0.0000,0.7736842105263158,0.7842105263157895,0.7842105263157894,0.7776315789473683,0.7763157894736843,0.010526315789473606,0.010526315789473717,0.7736842105263158,0.7789473684210527,0.7842105263157895,0.7842105263157895,0.0
BNCI2014-004,9,720,3,5,0.015,1.3718175883757597,0.23762032405834055,0.4574851758608929,0.03501572258091164,3,3,1,0.1073;0.2135;0.0443;0.4575;0.1774,0.1212;0.1537;0.0746;0.1585;0.1488,0.7763888888888888,0.7791666666666666,0.7791666666666667,0.773611111111111,0.7472222222222222,0.002777777777777879,0.002777777777777879,0.7791666666666666,0.7527777777777778,0.7694444444444445,0.7694444444444445,0.0
Lee2019-MI,1,100,62,5,0.015,1.5847171139050245,0.024720798529075827,0.25780421666911113,0.009844397765402874,3,1,0,0.1337;0.2378;0.1797;0.2578;0.1910,0.1357;0.1993;0.0921;0.1274;0.1292,0.6900000000000001,0.6900000000000001,0.64,0.55,0.48,-0.050000000000000044,0.0,0.6199999999999999,0.6,0.6,0.6,0.0
Lee2019-MI,2,100,62,5,0.015,0.8348118859845569,0.7746260264495434,0.7223716216760381,0.056304707396717925,1,4,0,0.0169;0.7224;0.2012;0.0244;0.0351,0.1997;0.2805;0.2448;0.3413;0.4378,0.9100000000000001,0.8600000000000001,0.74,0.6300000000000001,0.6,-0.17000000000000015,0.0,0.97,1.0,0.97,0.97,0.0
Lee2019-MI,3,100,62,5,0.015,0.745275002515494,0.8641629099186063,0.7956125365523788,0.05735505840106329,1,3,0,0.0440;0.7956;0.0331;0.1099;0.0174,0.1771;0.2591;0.2135;0.2683;0.1996,0.9099999999999999,0.9099999999999999,0.9,0.8699999999999999,0.8400000000000001,-0.009999999999999898,0.0,0.9399999999999998,0.8699999999999999,0.9399999999999998,0.9399999999999998,0.0
Lee2019-MI,4,100,62,5,0.015,1.3452116269350252,0.2642262854990751,0.5273079420477036,0.023759293055298263,3,1,0,0.1258;0.1082;0.1082;0.5273;0.1305,0.2676;0.3064;0.2547;0.2297;0.1396,0.8099999999999999,0.76,0.75,0.7,0.6900000000000001,-0.05999999999999994,0.0,0.8200000000000001,0.75,0.8100000000000002,0.8100000000000002,0.0
Lee2019-MI,5,100,62,5,0.015,0.03496506003601434,1.574472852398086,0.9949760172198476,0.12412742171943207,4,0,0,0.0003;0.0003;0.0041;0.0004;0.9950,0.2256;0.1423;0.1365;0.1742;0.2122,0.7700000000000001,0.7499999999999999,0.7700000000000001,0.75,0.75,0.0,0.0,0.73,0.7,0.73,0.73,0.0
Lee2019-MI,6,100,62,5,0.015,0.21046020285768405,1.3989777095764162,0.9608460346882799,0.0821587839365056,0,1,0,0.9608;0.0098;0.0040;0.0211;0.0043,0.2258;0.2907;0.1486;0.1407;0.0886,0.69,0.66,0.65,0.6299999999999999,0.6300000000000001,-0.039999999999999925,0.0,0.7300000000000001,0.73,0.74,0.74,0.0
Lee2019-MI,7,100,62,5,0.015,0.6511665317058029,0.9582713807282974,0.8197333713835029,0.08341651064853872,3,1,0,0.0032;0.0639;0.0169;0.8197;0.0963,0.1586;0.2151;0.1894;0.1752;0.1338,0.65,0.6599999999999999,0.6300000000000001,0.64,0.63,-0.019999999999999907,0.009999999999999898,0.6900000000000001,0.5900000000000001,0.64,0.64,0.0
Lee2019-MI,8,100,62,5,0.015,0.4222625804250313,1.187175332009069,0.9104842297118785,0.0586792402712506,2,2,1,0.0332;0.0199;0.9105;0.0182;0.0182,0.0732;0.1147;0.1640;0.1075;0.0732,0.66,0.6300000000000001,0.61,0.53,0.53,-0.050000000000000044,0.0,0.65,0.5900000000000001,0.6300000000000001,0.6300000000000001,0.0
Lee2019-MI,9,100,62,5,0.015,1.2961282101329716,0.31330970230112865,0.5491443648325482,0.030104418729418676,4,4,1,0.0925;0.0738;0.1503;0.1342;0.5491,0.2353;0.2972;0.2734;0.2440;0.3105,0.54,0.6,0.54,0.5700000000000001,0.5700000000000001,0.0,0.05999999999999994,0.5199999999999999,0.51,0.54,0.54,0.0
Lee2019-MI,10,100,62,5,0.015,1.2093079789037793,0.400129933530321,0.5061533183252952,0.046875117046122426,3,1,0,0.1741;0.0222;0.2588;0.5062;0.0387,0.2427;0.2544;0.1565;0.1160;0.0993,0.6799999999999999,0.6699999999999999,0.64,0.5900000000000001,0.5900000000000001,-0.039999999999999925,0.0,0.7,0.6900000000000001,0.68,0.68,0.0
Lee2019-MI,11,100,62,5,0.015,1.0399383982251498,0.5694995142089505,0.6769337448747639,0.043905785451790656,2,0,0,0.0363;0.1444;0.6769;0.0681;0.0743,0.3126;0.2865;0.2394;0.1475;0.0958,0.6199999999999999,0.64,0.6599999999999999,0.6199999999999999,0.63,0.040000000000000036,0.040000000000000036,0.5900000000000001,0.6100000000000001,0.61,0.61,0.0
Lee2019-MI,12,100,62,5,0.015,1.3151221751375037,0.29431573729659655,0.5012982322700439,0.028600272065394693,3,0,0,0.2456;0.0810;0.0745;0.5013;0.0976,0.2116;0.1949;0.1316;0.1726;0.1059,0.7499999999999999,0.7300000000000001,0.65,0.65,0.6599999999999999,-0.09999999999999987,0.0,0.7300000000000001,0.79,0.7200000000000001,0.7200000000000001,0.0
Lee2019-MI,13,100,62,5,0.015,1.3173403393812206,0.29209757305287964,0.38586048202228784,0.0336585234545285,1,2,0,0.1488;0.3859;0.0409;0.0594;0.3650,0.2430;0.1783;0.2534;0.2381;0.1692,0.5900000000000001,0.6399999999999999,0.62,0.5700000000000001,0.5700000000000001,0.029999999999999916,0.04999999999999982,0.63,0.55,0.65,0.65,0.0
Lee2019-MI,14,100,62,5,0.015,0.6504047323933022,0.9590331800407981,0.8368949937648722,0.057715127103142715,1,3,0,0.0262;0.8369;0.0179;0.0697;0.0494,0.1621;0.1740;0.1870;0.1914;0.1444,0.5700000000000001,0.5200000000000001,0.53,0.55,0.53,-0.040000000000000036,0.0,0.55,0.55,0.54,0.54,0.0
Lee2019-MI,15,100,62,5,0.015,1.1103474471170707,0.4990904653170296,0.6529822266489668,0.03409575045410958,4,0,0,0.0733;0.1349;0.0715;0.0673;0.6530,0.3125;0.2216;0.2148;0.2132;0.1480,0.73,0.7000000000000001,0.6599999999999999,0.6,0.58,-0.07000000000000006,0.0,0.78,0.7699999999999999,0.7300000000000001,0.7300000000000001,0.0
Lee2019-MI,16,100,62,5,0.015,0.5750553012351018,1.0343826111989984,0.8533713473741887,0.0797925250738245,4,0,0,0.0042;0.0608;0.0172;0.0644;0.8534,0.1657;0.1455;0.1508;0.1349;0.0841,0.6700000000000002,0.6599999999999999,0.66,0.71,0.7200000000000001,-0.01000000000000012,0.04999999999999993,0.67,0.5199999999999999,0.6599999999999999,0.6599999999999999,0.0
Lee2019-MI,17,100,62,5,0.015,0.7410335328922102,0.8684043795418901,0.7698454375909168,0.06879292288493326,2,3,0,0.0558;0.0078;0.7698;0.0116;0.1549,0.1548;0.1784;0.1505;0.2679;0.2654,0.57,0.55,0.57,0.5599999999999999,0.5599999999999999,0.0,0.0,0.63,0.5900000000000001,0.63,0.63,0.0
Lee2019-MI,18,100,62,5,0.015,0.8785523074204913,0.730885605013609,0.7513608993239158,0.049431919569935166,1,1,1,0.1055;0.7514;0.0278;0.0465;0.0688,0.2661;0.3672;0.2568;0.2227;0.2064,0.82,0.8800000000000001,0.8600000000000001,0.85,0.82,0.04000000000000015,0.060000000000000164,0.8699999999999999,0.8899999999999999,0.8699999999999999,0.8699999999999999,0.0
Lee2019-MI,19,100,62,5,0.015,0.28960006980944186,1.3198378426246584,0.9382518344406666,0.08483742610044165,0,1,0,0.9383;0.0067;0.0033;0.0426;0.0092,0.2172;0.2590;0.2249;0.2220;0.1887,0.63,0.7200000000000001,0.74,0.76,0.75,0.10999999999999999,0.13,0.67,0.63,0.6799999999999999,0.6799999999999999,0.0
Lee2019-MI,20,100,62,5,0.015,1.1852260820867733,0.424211830347327,0.6071122050727338,0.036317694409704705,1,1,1,0.0893;0.6071;0.1607;0.0890;0.0539,0.1903;0.2013;0.1461;0.1597;0.1116,0.65,0.64,0.64,0.63,0.58,-0.010000000000000009,0.0,0.62,0.5900000000000001,0.62,0.62,0.0
Lee2019-MI,21,100,62,5,0.015,1.3193865246152687,0.29005138781883155,0.5426456283975069,0.02593966823567347,3,1,0,0.0963;0.1022;0.1266;0.5426;0.1322,0.2874;0.4415;0.3106;0.2645;0.3553,0.96,0.8899999999999999,0.8699999999999999,0.76,0.6599999999999999,-0.09000000000000008,0.0,1.0,1.0,1.0,1.0,0.0
Lee2019-MI,22,100,62,5,0.015,1.3609108844155342,0.24852702801856608,0.49546367703360783,0.027494462086472698,2,1,0,0.2014;0.1222;0.4955;0.1017;0.0792,0.2319;0.3055;0.2829;0.2085;0.1702,0.6599999999999999,0.65,0.6599999999999999,0.64,0.61,0.0,0.0,0.68,0.5199999999999999,0.72,0.72,0.0
Lee2019-MI,23,100,62,5,0.015,0.584207608440575,1.0252303039935253,0.8586691007875153,0.0584307295227399,2,1,0,0.0204;0.0390;0.8587;0.0175;0.0644,0.3071;0.3220;0.2783;0.1943;0.1542,0.7700000000000001,0.78,0.8,0.78,0.78,0.029999999999999916,0.029999999999999916,0.77,0.8,0.7999999999999999,0.7999999999999999,0.0
Lee2019-MI,24,100,62,5,0.015,1.0641108482743782,0.5453270641597221,0.5507763553761718,0.06361074117145246,3,4,0,0.2645;0.0103;0.0079;0.5508;0.1665,0.2254;0.2637;0.2789;0.2617;0.3115,0.55,0.53,0.53,0.53,0.55,-0.020000000000000018,0.0,0.5799999999999998,0.5700000000000001,0.58,0.58,0.0
Lee2019-MI,25,100,62,5,0.015,1.319561118209367,0.28987679422473334,0.4216126718679211,0.03355728216399837,3,0,0,0.1090;0.0835;0.0450;0.4216;0.3408,0.3187;0.3053;0.2557;0.2354;0.2541,0.8799999999999999,0.8700000000000001,0.9,0.8700000000000001,0.8200000000000001,0.02000000000000013,0.02000000000000013,0.9199999999999999,0.8800000000000001,0.9199999999999999,0.9199999999999999,0.0
Lee2019-MI,26,100,62,5,0.015,1.5284777402045062,0.08096017222959406,0.3448217130269043,0.015802475302475104,0,1,0,0.3448;0.1202;0.2396;0.1574;0.1380,0.1609;0.1812;0.1333;0.1416;0.1585,0.65,0.6399999999999999,0.63,0.6399999999999999,0.6200000000000001,-0.020000000000000018,0.0,0.65,0.66,0.64,0.64,0.0
Lee2019-MI,27,100,62,5,0.015,1.1866998531833735,0.4227380592507268,0.5984061584816586,0.034317673942670865,0,0,1,0.5984;0.0607;0.0738;0.0816;0.1855,0.2324;0.1724;0.1709;0.1201;0.1101,0.6799999999999999,0.72,0.72,0.6599999999999999,0.65,0.040000000000000036,0.040000000000000036,0.74,0.64,0.72,0.72,0.0
Lee2019-MI,28,100,62,5,0.015,1.312146507188178,0.29729140524592235,0.46778721191031436,0.03387244521445557,2,1,0,0.0494;0.2402;0.4678;0.1936;0.0489,0.3760;0.3933;0.1564;0.2580;0.1916,0.9299999999999999,0.9199999999999999,0.89,0.82,0.75,-0.039999999999999925,0.0,0.95,0.95,0.95,0.95,0.0
Lee2019-MI,29,100,62,5,0.015,0.7420980464452516,0.8673398659888487,0.5136498695830078,0.16300828123937686,2,4,0,0.0000;0.0000;0.5136;0.0100;0.4763,0.5057;0.5504;0.5959;0.5683;0.5963,0.96,0.97,0.97,0.97,0.9800000000000001,0.010000000000000009,0.02000000000000013,0.96,0.96,0.96,0.96,0.0
Lee2019-MI,30,100,62,5,0.015,1.2253387445495203,0.38409916788458,0.5148693338846879,0.03560191481892505,2,0,0,0.0876;0.2915;0.5149;0.0581;0.0480,0.2455;0.1387;0.1408;0.1908;0.1113,0.76,0.74,0.69,0.6300000000000001,0.59,-0.07000000000000006,0.0,0.77,0.6699999999999999,0.76,0.76,0.0
Lee2019-MI,31,100,62,5,0.015,1.353272146383403,0.2561657660506973,0.44847214906591104,0.03726752324730468,4,1,0,0.1214;0.2650;0.0374;0.1277;0.4485,0.2690;0.3455;0.2921;0.2394;0.2751,0.76,0.76,0.7299999999999999,0.7400000000000001,0.7000000000000001,-0.030000000000000138,0.0,0.75,0.62,0.7699999999999999,0.7699999999999999,0.0
Lee2019-MI,32,100,62,5,0.015,1.2703992666925141,0.33903864574158615,0.5557262967550893,0.03545432814003909,4,1,0,0.1266;0.0523;0.1652;0.1002;0.5557,0.3354;0.3858;0.2842;0.2195;0.2471,0.9,0.8699999999999999,0.8400000000000001,0.8,0.76,-0.05999999999999994,0.0,0.9099999999999999,0.96,0.8800000000000001,0.8800000000000001,0.0
Lee2019-MI,33,100,62,5,0.015,1.3625052438516208,0.24693266858247953,0.4691887992643685,0.027625163296168376,4,1,0,0.2458;0.0744;0.1279;0.0828;0.4692,0.1987;0.2728;0.1703;0.1637;0.1569,0.8,0.76,0.72,0.7300000000000001,0.72,-0.08000000000000007,0.0,0.86,0.95,0.8699999999999999,0.8699999999999999,0.0
Lee2019-MI,34,100,62,5,0.015,0.8502523418501852,0.7591855705839151,0.7388436200616446,0.05086182620383658,2,0,0,0.1625;0.0249;0.7388;0.0489;0.0249,0.1546;0.0589;0.0962;0.1538;0.0806,0.57,0.54,0.53,0.53,0.5,-0.039999999999999925,0.0,0.5900000000000001,0.55,0.6,0.6,0.0
Lee2019-MI,35,100,62,5,0.015,0.09772585583910146,1.5117120565949989,0.984611345963346,0.1081371844312072,0,3,0,0.9846;0.0007;0.0049;0.0029;0.0069,0.3158;0.3198;0.2754;0.3386;0.3172,0.95,0.96,0.9400000000000001,0.9199999999999999,0.9199999999999999,-0.009999999999999898,0.010000000000000009,0.95,0.97,0.9700000000000001,0.9700000000000001,0.0
Lee2019-MI,36,100,62,5,0.015,1.2880463004378142,0.3213916119962861,0.564695207455591,0.02494112048712564,3,0,0,0.1071;0.1071;0.1071;0.5647;0.1141,0.4464;0.3076;0.3580;0.3297;0.2524,0.96,0.95,0.95,0.9200000000000002,0.9,-0.010000000000000009,0.0,0.97,0.99,0.97,0.97,0.0
Lee2019-MI,37,100,62,5,0.015,1.0651396249584448,0.5442982874756555,0.6672806040864566,0.04371673980874983,1,0,0,0.0888;0.6673;0.0713;0.0362;0.1364,0.4021;0.3982;0.2268;0.2880;0.3031,0.97,0.9800000000000001,0.97,0.95,0.93,0.0,0.01000000000000012,0.99,0.9700000000000001,0.99,0.99,0.0
Lee2019-MI,38,100,62,5,0.015,0.7524461669601907,0.8569917454739095,0.7562365286712115,0.0568006683466733,0,4,0,0.7562;0.0171;0.1858;0.0222;0.0186,0.2751;0.3115;0.2975;0.2883;0.3159,0.56,0.55,0.57,0.5599999999999999,0.5800000000000001,0.009999999999999898,0.020000000000000018,0.5599999999999999,0.5599999999999999,0.5700000000000001,0.5700000000000001,0.0
Lee2019-MI,39,100,62,5,0.015,1.0554262446336669,0.5540116678004334,0.5190878000882352,0.04430680905323133,3,2,0,0.0307;0.0271;0.3767;0.5191;0.0465,0.1871;0.1816;0.2295;0.1663;0.1418,0.76,0.78,0.74,0.6799999999999999,0.67,-0.020000000000000018,0.020000000000000018,0.77,0.7300000000000001,0.7500000000000001,0.7500000000000001,0.0
Lee2019-MI,40,100,62,5,0.015,0.6682383249764206,0.9411995874576797,0.8298063131503083,0.06093218645990802,0,2,0,0.8298;0.0143;0.0738;0.0325;0.0496,0.2912;0.3050;0.3150;0.2942;0.2271,0.6000000000000001,0.6299999999999999,0.6300000000000001,0.6100000000000001,0.59,0.030000000000000027,0.030000000000000027,0.62,0.54,0.62,0.62,0.0
Lee2019-MI,41,100,62,5,0.015,0.6485882076030562,0.960849704831044,0.8387306445407913,0.05197401956602987,0,0,1,0.8387;0.0262;0.0262;0.0733;0.0355,0.3265;0.2397;0.2445;0.2249;0.1431,0.6599999999999999,0.6700000000000002,0.62,0.6100000000000001,0.6100000000000001,-0.039999999999999925,0.010000000000000231,0.56,0.5799999999999998,0.6,0.6,0.0
Lee2019-MI,42,100,62,5,0.015,0.7475095357628041,0.8619283766712962,0.6846736074343751,0.06750004588806147,4,1,0,0.0127;0.0076;0.0076;0.2874;0.6847,0.1865;0.2862;0.2425;0.1832;0.2553,0.64,0.6299999999999999,0.65,0.6799999999999999,0.63,0.010000000000000009,0.039999999999999925,0.68,0.5900000000000001,0.65,0.65,0.0
Lee2019-MI,43,100,62,5,0.015,1.3592149322469664,0.25022298018713385,0.44411846842999997,0.03336351895552925,3,3,1,0.0931;0.0480;0.1425;0.4441;0.2722,0.2184;0.3099;0.2823;0.3291;0.2494,0.8100000000000002,0.7300000000000001,0.7,0.6799999999999999,0.62,-0.11000000000000021,0.0,0.8299999999999998,0.78,0.7999999999999999,0.7999999999999999,0.0
Lee2019-MI,44,100,62,5,0.015,1.3719215356109202,0.23751637682318005,0.4915917134916863,0.028447527539537942,3,3,1,0.1459;0.1083;0.1805;0.4916;0.0738,0.2414;0.2034;0.1593;0.2595;0.1252,0.9,0.9099999999999999,0.9099999999999999,0.9,0.86,0.009999999999999898,0.009999999999999898,0.95,0.93,0.93,0.93,0.0
Lee2019-MI,45,100,62,5,0.015,0.8493590467444997,0.7600788656896006,0.772679861288449,0.04207535662136171,3,3,1,0.0608;0.0656;0.0542;0.7727;0.0468,0.2743;0.1854;0.2845;0.2955;0.2126,0.7699999999999999,0.8400000000000001,0.82,0.8400000000000001,0.8200000000000001,0.050000000000000044,0.07000000000000017,0.89,0.9399999999999998,0.8699999999999999,0.8699999999999999,0.0
Lee2019-MI,46,100,62,5,0.015,0.9753632636580136,0.6340746487760867,0.7202726643517671,0.03990430082530586,2,1,0,0.0845;0.0788;0.7203;0.0660;0.0504,0.1410;0.2300;0.1425;0.1598;0.1035,0.56,0.51,0.51,0.51,0.5199999999999999,-0.050000000000000044,0.0,0.61,0.53,0.6,0.6,0.0
Lee2019-MI,47,100,62,5,0.015,0.9956298720859844,0.6138080403481159,0.6721739320870671,0.0464504412924515,1,2,0,0.1927;0.6722;0.0663;0.0384;0.0304,0.2277;0.2115;0.2668;0.1966;0.2273,0.74,0.7,0.6599999999999999,0.6,0.57,-0.08000000000000007,0.0,0.75,0.66,0.72,0.72,0.0
Lee2019-MI,48,100,62,5,0.015,0.2445740432824197,1.3648638691516806,0.941443872273261,0.10750252489054028,4,0,0,0.0537;0.0019;0.0007;0.0022;0.9414,0.2097;0.1637;0.1943;0.1827;0.1748,0.5900000000000001,0.57,0.53,0.55,0.5599999999999999,-0.06000000000000005,0.0,0.5800000000000001,0.6100000000000001,0.61,0.61,0.0
Lee2019-MI,49,100,62,5,0.015,1.4615230996613382,0.14791481277276208,0.34660365171280383,0.030368082414087578,1,1,1,0.0458;0.3466;0.2159;0.2523;0.1394,0.2387;0.3404;0.2998;0.2774;0.2872,0.8299999999999998,0.78,0.7300000000000001,0.6900000000000001,0.61,-0.09999999999999976,0.0,0.8099999999999999,0.65,0.82,0.82,0.0
Lee2019-MI,50,100,62,5,0.015,0.5457492418232611,1.0636886706108393,0.8749034960195218,0.05409841695513329,2,0,0,0.0237;0.0323;0.8749;0.0239;0.0451,0.3582;0.3057;0.3078;0.3099;0.2718,0.62,0.55,0.52,0.48,0.5,-0.09999999999999998,0.0,0.6300000000000001,0.5199999999999999,0.6,0.6,0.0
Lee2019-MI,51,100,62,5,0.015,0.8298310260271224,0.7796068864069778,0.7497145823923443,0.05505732194533756,1,1,1,0.0231;0.7497;0.0191;0.1486;0.0595,0.1535;0.1733;0.0982;0.1577;0.1133,0.42000000000000004,0.48,0.51,0.51,0.51,0.08999999999999997,0.08999999999999997,0.48999999999999994,0.49000000000000005,0.5,0.5,0.0
Lee2019-MI,52,100,62,5,0.015,0.7754173386615104,0.8340205737725899,0.5796007211086612,0.08550083534284598,2,2,1,0.0019;0.0143;0.5796;0.0035;0.4006,0.1769;0.3442;0.3477;0.3110;0.3038,0.7700000000000001,0.7,0.6699999999999999,0.65,0.64,-0.1000000000000002,0.0,0.77,0.6799999999999999,0.79,0.79,0.0
Lee2019-MI,53,100,62,5,0.015,0.7225189178672451,0.8869189945668552,0.80130197886624,0.054117043209053556,0,0,1,0.8013;0.0217;0.0289;0.1166;0.0315,0.2597;0.1734;0.2018;0.2512;0.1245,0.5700000000000001,0.58,0.6100000000000001,0.66,0.66,0.040000000000000036,0.08999999999999997,0.57,0.63,0.5900000000000001,0.5900000000000001,0.0
Lee2019-MI,54,100,62,5,0.015,0.3401428947914313,1.269295017642669,0.919045489373171,0.08444437008238581,4,0,0,0.0113;0.0033;0.0631;0.0033;0.9190,0.1602;0.1442;0.0976;0.0755;0.0768,0.5900000000000001,0.59,0.55,0.51,0.51,-0.040000000000000036,0.0,0.5700000000000001,0.4999999999999999,0.5700000000000001,0.5700000000000001,0.0
Cho2017,1,200,64,5,0.015,1.3992761171957668,0.21016179523833345,0.4789633564871387,0.025787610393914008,3,4,0,0.0858;0.1378;0.1729;0.4790;0.1245,0.1474;0.1746;0.1477;0.1625;0.1995,0.675,0.665,0.665,0.635,0.645,-0.010000000000000009,0.0,0.6599999999999999,0.725,0.6599999999999999,0.6599999999999999,0.0
Cho2017,2,200,64,5,0.015,1.4052662283021289,0.2041716841319714,0.4003935748450724,0.022904840722637987,1,2,0,0.0942;0.4004;0.1083;0.0870;0.3101,0.1015;0.0772;0.1036;0.0839;0.0582,0.525,0.505,0.475,0.485,0.49000000000000005,-0.050000000000000044,0.0,0.525,0.575,0.515,0.515,0.0
Cho2017,3,200,64,5,0.015,1.313230916474204,0.2962069959598963,0.4144201728996974,0.04025626215709936,0,4,0,0.4144;0.0283;0.0523;0.2752;0.2298,0.1294;0.2097;0.2075;0.1751;0.2233,0.8,0.79,0.7749999999999999,0.705,0.67,-0.025000000000000133,0.0,0.7950000000000002,0.8250000000000002,0.79,0.79,0.0
Cho2017,4,200,64,5,0.015,0.8270696228674876,0.7823682895666126,0.7395154991879389,0.050501390006687075,1,4,0,0.0314;0.7395;0.0259;0.0255;0.1776,0.1154;0.2100;0.1422;0.1424;0.2296,0.735,0.72,0.735,0.72,0.6899999999999998,0.0,0.0,0.76,0.8550000000000001,0.76,0.76,0.0
Cho2017,5,200,64,5,0.015,1.3621696582316911,0.24726825420240917,0.49634415734082743,0.026775298968096196,0,3,0,0.4963;0.0885;0.1890;0.0833;0.1428,0.1896;0.1940;0.1917;0.2012;0.1839,0.7300000000000001,0.76,0.76,0.7700000000000001,0.755,0.029999999999999916,0.040000000000000036,0.71,0.635,0.705,0.705,0.0
Cho2017,6,200,64,5,0.015,1.583867717007131,0.025570195426969367,0.2582062911552654,0.010431307311604465,0,3,0,0.2582;0.1288;0.1845;0.1952;0.2333,0.1517;0.1772;0.1578;0.1908;0.1016,0.765,0.7550000000000001,0.765,0.74,0.6950000000000001,0.0,0.0,0.74,0.76,0.72,0.72,0.0
Cho2017,7,240,64,5,0.015,1.1473902801653335,0.4620476322687668,0.5697494968690756,0.036170229758831184,1,3,0,0.0518;0.5697;0.2673;0.0600;0.0511,0.0643;0.0358;0.0374;0.0868;0.0578,0.5166666666666667,0.5166666666666666,0.5,0.5125,0.5208333333333333,-0.01666666666666672,0.004166666666666541,0.5166666666666667,0.5041666666666667,0.5166666666666667,0.5166666666666667,0.0
Cho2017,8,200,64,5,0.015,1.5454012991718316,0.06403661326226873,0.345831645234295,0.014293433611230958,0,2,0,0.3458;0.1868;0.1503;0.1334;0.1837,0.1724;0.1565;0.1964;0.1466;0.1558,0.485,0.48,0.495,0.5,0.5199999999999999,0.010000000000000009,0.03499999999999992,0.53,0.5449999999999999,0.56,0.56,0.0
Cho2017,9,240,64,5,0.015,1.5865567811206474,0.02288113131345293,0.2805502764799073,0.00916721395888039,0,2,0,0.2806;0.1523;0.2012;0.1950;0.1711,0.0870;0.1611;0.1640;0.1424;0.1612,0.575,0.5666666666666667,0.5666666666666667,0.5708333333333334,0.5291666666666667,-0.008333333333333304,0.0,0.5708333333333333,0.5083333333333333,0.5625,0.5625,0.0
Cho2017,10,200,64,5,0.015,0.993304084532771,0.6161338279013293,0.70619581299192,0.04096260026472417,1,3,0,0.0537;0.7062;0.0460;0.0778;0.1162,0.1583;0.1568;0.1541;0.1671;0.1141,0.6,0.605,0.58,0.59,0.64,-0.020000000000000018,0.040000000000000036,0.615,0.655,0.63,0.63,0.0
Cho2017,11,200,64,5,0.015,1.3052260354239162,0.30421187701018404,0.5327819253882546,0.029488168070671266,3,3,1,0.1001;0.0746;0.1950;0.5328;0.0975,0.1479;0.1723;0.1786;0.2157;0.1723,0.6199999999999999,0.5999999999999999,0.58,0.575,0.55,-0.039999999999999925,0.0,0.625,0.5449999999999999,0.625,0.625,0.0
Cho2017,12,200,64,5,0.015,1.2165073506126625,0.3929305618214378,0.5675584916986516,0.0350356168660643,2,3,0,0.1027;0.0622;0.5676;0.2126;0.0549,0.1631;0.1688;0.1642;0.1927;0.1646,0.635,0.6399999999999999,0.645,0.625,0.585,0.010000000000000009,0.010000000000000009,0.6200000000000001,0.53,0.625,0.625,0.0
Cho2017,13,200,64,5,0.015,1.4452286235786622,0.16420928885543806,0.42329713026027066,0.027646519659169755,3,2,0,0.1640;0.0670;0.1960;0.4233;0.1497,0.1560;0.1875;0.1924;0.1914;0.1413,0.8049999999999999,0.735,0.695,0.675,0.6450000000000001,-0.10999999999999999,0.0,0.7949999999999999,0.67,0.7949999999999999,0.7949999999999999,0.0
Cho2017,14,200,64,5,0.015,1.551604878973912,0.0578330334601882,0.27708701561515625,0.01460025179304895,3,0,0,0.2694;0.1047;0.1525;0.2771;0.1964,0.2821;0.1608;0.1619;0.2510;0.1868,0.905,0.9099999999999999,0.905,0.8949999999999999,0.875,0.0,0.004999999999999893,0.905,0.8949999999999999,0.905,0.905,0.0
Cho2017,15,200,64,5,0.015,1.5897830342994843,0.019654878134615972,0.24470387559924722,0.007156098338301071,1,1,1,0.2146;0.2447;0.1519;0.1551;0.2337,0.1838;0.2132;0.1521;0.1788;0.1962,0.585,0.6,0.6,0.565,0.5800000000000001,0.015000000000000013,0.015000000000000013,0.595,0.615,0.615,0.615,0.0
Cho2017,16,200,64,5,0.015,0.984827441419663,0.6246104710144372,0.5671352225575746,0.05123596924559629,2,1,0,0.3497;0.0315;0.5671;0.0330;0.0186,0.1688;0.1813;0.1630;0.1613;0.1787,0.52,0.55,0.515,0.505,0.505,-0.0050000000000000044,0.030000000000000027,0.525,0.515,0.525,0.525,0.0
Cho2017,17,200,64,5,0.015,1.567887058028422,0.041550854405678184,0.3094386212529018,0.011609187494781828,0,1,0,0.3094;0.1939;0.1427;0.2034;0.1506,0.1558;0.1603;0.1390;0.1442;0.1271,0.5050000000000001,0.5050000000000001,0.525,0.5349999999999999,0.5050000000000001,0.019999999999999907,0.029999999999999805,0.495,0.45,0.5,0.5,0.0
Cho2017,18,200,64,5,0.015,1.4501913258077324,0.15924658662636793,0.4209085747778285,0.02349919544199275,0,4,0,0.4209;0.0879;0.2109;0.1095;0.1709,0.0829;0.1627;0.1566;0.1676;0.1849,0.6399999999999999,0.6050000000000001,0.6,0.6199999999999999,0.57,-0.039999999999999925,0.0,0.64,0.55,0.65,0.65,0.0
Cho2017,19,200,64,5,0.015,1.5576629082136506,0.05177500422044967,0.3150841920659454,0.015118428061225394,4,3,0,0.1976;0.1150;0.1707;0.2016;0.3151,0.0979;0.1322;0.1355;0.1570;0.1313,0.6,0.6250000000000001,0.6,0.5900000000000001,0.5850000000000001,0.0,0.025000000000000133,0.575,0.58,0.57,0.57,0.0
Cho2017,20,200,64,5,0.015,1.4291796264105623,0.180258286023538,0.46081734592104084,0.021751422574516933,0,0,1,0.4608;0.1154;0.1081;0.1506;0.1650,0.1816;0.1441;0.1563;0.1497;0.1375,0.64,0.6199999999999999,0.62,0.6449999999999999,0.6000000000000001,-0.020000000000000018,0.004999999999999893,0.595,0.615,0.6,0.6,0.0
Cho2017,21,200,64,5,0.015,1.4524272992353666,0.15701061319873366,0.3531277766862486,0.023774292735037356,0,2,0,0.3531;0.1900;0.0922;0.0724;0.2924,0.1314;0.1843;0.1845;0.1693;0.1663,0.625,0.655,0.6599999999999999,0.675,0.625,0.03499999999999992,0.050000000000000044,0.645,0.55,0.625,0.625,0.0
Cho2017,22,200,64,5,0.015,1.4985114425555006,0.11092646987859967,0.3642316828958172,0.024475437157858233,0,3,0,0.3642;0.1996;0.1833;0.1815;0.0712,0.1512;0.1452;0.1690;0.2039;0.1664,0.5199999999999999,0.5249999999999999,0.505,0.53,0.495,-0.014999999999999902,0.01000000000000012,0.525,0.515,0.5149999999999999,0.5149999999999999,0.0
Cho2017,23,200,64,5,0.015,1.1928927218929284,0.4165451905411719,0.5541174112944159,0.033265449025076034,1,1,1,0.2610;0.5541;0.0603;0.0643;0.0603,0.1515;0.2466;0.1643;0.1677;0.1455,0.685,0.7200000000000001,0.7149999999999999,0.72,0.71,0.029999999999999805,0.03500000000000003,0.71,0.8099999999999999,0.6849999999999999,0.6849999999999999,0.0
Cho2017,24,200,64,5,0.015,1.545320464107798,0.06411744832630228,0.3333468349452423,0.016569441644591915,0,2,0,0.3333;0.1857;0.1104;0.1683;0.2022,0.1429;0.1531;0.2151;0.1673;0.1702,0.5650000000000001,0.5549999999999999,0.5800000000000001,0.54,0.5549999999999999,0.015000000000000013,0.015000000000000013,0.575,0.5449999999999999,0.595,0.595,0.0
Cho2017,25,200,64,5,0.015,1.183792198078031,0.42564571435606924,0.5732751345788518,0.04280835107629836,0,2,0,0.5733;0.0330;0.0784;0.2252;0.0901,0.1365;0.1274;0.1384;0.1198;0.1109,0.5399999999999999,0.525,0.575,0.585,0.53,0.03500000000000003,0.04500000000000004,0.55,0.45499999999999996,0.5349999999999999,0.5349999999999999,0.0
Cho2017,26,200,64,5,0.015,1.4357682499592834,0.17366966247481685,0.371732687488008,0.03007783573643123,3,1,0,0.2828;0.0500;0.1230;0.3717;0.1724,0.1247;0.1833;0.1307;0.1279;0.1258,0.7,0.7049999999999998,0.705,0.675,0.6699999999999999,0.0050000000000000044,0.0050000000000000044,0.6950000000000001,0.71,0.725,0.725,0.0
Cho2017,27,200,64,5,0.015,1.4129081327014046,0.1965297797326957,0.3622500636005448,0.027226727169524345,2,0,0,0.0590;0.2016;0.3623;0.3026;0.0746,0.1826;0.1494;0.1651;0.1768;0.1589,0.545,0.5650000000000001,0.565,0.5700000000000001,0.535,0.019999999999999907,0.025000000000000022,0.595,0.5700000000000001,0.58,0.58,0.0
Cho2017,28,200,64,5,0.015,1.4527508649763339,0.1566870474577664,0.3964666321666716,0.019600728024828408,0,0,1,0.3965;0.2701;0.1073;0.1128;0.1133,0.1887;0.1483;0.1246;0.0875;0.0943,0.54,0.5750000000000001,0.55,0.5599999999999999,0.55,0.010000000000000009,0.03500000000000003,0.595,0.59,0.595,0.595,0.0
Cho2017,29,200,64,5,0.015,1.416221140957635,0.1932167714764652,0.37395163829549083,0.028844979480574073,4,1,0,0.3036;0.1717;0.0547;0.0961;0.3740,0.1379;0.1460;0.1084;0.0839;0.0938,0.5650000000000001,0.585,0.595,0.57,0.525,0.029999999999999916,0.029999999999999916,0.5450000000000002,0.575,0.5599999999999999,0.5599999999999999,0.0
Cho2017,30,200,64,5,0.015,1.2948905244211992,0.31454738801290105,0.5120532319523471,0.03306105429126964,3,3,1,0.0565;0.1177;0.0765;0.5121;0.2372,0.1535;0.1653;0.1858;0.1930;0.1792,0.57,0.555,0.525,0.54,0.5350000000000001,-0.04499999999999993,0.0,0.6,0.53,0.595,0.595,0.0
Cho2017,31,200,64,5,0.015,1.5720731005123936,0.03736481192170671,0.30729844291990505,0.010393135028729406,4,2,0,0.1807;0.2046;0.1537;0.1537;0.3073,0.1992;0.1861;0.2233;0.2149;0.1847,0.54,0.545,0.5549999999999999,0.5549999999999999,0.5,0.014999999999999902,0.014999999999999902,0.5349999999999999,0.495,0.5549999999999999,0.5549999999999999,0.0
Cho2017,32,200,64,5,0.015,1.3630396276959191,0.24639828473818115,0.4832399866889774,0.028121815663345002,1,2,0,0.1091;0.4832;0.2245;0.0741;0.1091,0.1455;0.1881;0.2226;0.2176;0.1962,0.48999999999999994,0.4699999999999999,0.45999999999999996,0.43499999999999994,0.4,-0.02999999999999997,0.0,0.47000000000000003,0.48,0.475,0.475,0.0
Cho2017,33,200,64,5,0.015,1.3463149886838406,0.2631229237502597,0.38367835582648646,0.03068091944789934,4,1,0,0.0496;0.0639;0.3506;0.1522;0.3837,0.1063;0.2037;0.1923;0.1610;0.1683,0.505,0.45499999999999996,0.45,0.465,0.43499999999999994,-0.05499999999999999,0.0,0.45,0.45499999999999996,0.45499999999999996,0.45499999999999996,0.0
Cho2017,34,200,64,5,0.015,1.3141921506271341,0.29524576180696616,0.4852146807753248,0.03176266364825812,1,2,0,0.2594;0.4852;0.0687;0.0584;0.1282,0.1204;0.1238;0.1315;0.1031;0.0915,0.5549999999999999,0.5599999999999999,0.5349999999999999,0.53,0.5449999999999999,-0.020000000000000018,0.0050000000000000044,0.5700000000000001,0.5449999999999999,0.575,0.575,0.0
Cho2017,35,200,64,5,0.015,1.2287664464120116,0.3806714660220887,0.5498253284804974,0.0330369625860519,4,4,1,0.0608;0.0661;0.2394;0.0839;0.5498,0.1992;0.2285;0.2451;0.2509;0.2891,0.7949999999999999,0.795,0.79,0.785,0.7849999999999999,-0.004999999999999893,1.1102230246251565e-16,0.7849999999999999,0.8099999999999999,0.78,0.78,0.0
Cho2017,36,200,64,5,0.015,1.3819513811363449,0.22748653129775542,0.3989868515234581,0.02844941337370758,0,0,1,0.3990;0.0736;0.1582;0.3093;0.0599,0.1255;0.0814;0.1119;0.1028;0.0946,0.525,0.5449999999999999,0.53,0.54,0.5700000000000001,0.0050000000000000044,0.04500000000000004,0.5449999999999999,0.545,0.5650000000000001,0.5650000000000001,0.0
Cho2017,37,200,64,5,0.015,0.5705688138220845,1.038869098612016,0.8438532685190795,0.08096408397069836,3,4,0,0.0626;0.0038;0.0040;0.8439;0.0858,0.1193;0.1625;0.1674;0.1562;0.1853,0.78,0.7849999999999999,0.755,0.7150000000000001,0.7049999999999998,-0.025000000000000022,0.004999999999999893,0.7649999999999999,0.7100000000000001,0.755,0.755,0.0
Cho2017,38,200,64,5,0.015,1.0465519077536962,0.5628860046804041,0.6685930694528871,0.03847570704048101,4,1,0,0.1656;0.0613;0.0514;0.0531;0.6686,0.1558;0.1781;0.1556;0.1646;0.1613,0.54,0.5850000000000001,0.5700000000000001,0.54,0.55,0.030000000000000027,0.04500000000000004,0.5650000000000001,0.5149999999999999,0.5450000000000002,0.5450000000000002,0.0
Cho2017,39,200,64,5,0.015,1.5108494364632934,0.09858847597080689,0.32930774349702213,0.020052542021388692,1,2,0,0.1430;0.3293;0.0865;0.2710;0.1702,0.0873;0.1706;0.1787;0.1774;0.1610,0.625,0.63,0.6050000000000001,0.5549999999999999,0.52,-0.019999999999999907,0.0050000000000000044,0.635,0.5800000000000001,0.6449999999999999,0.6449999999999999,0.0
Cho2017,40,200,64,5,0.015,1.3488342150328472,0.2606036974012531,0.48972781930120246,0.03244570032599755,1,1,1,0.1210;0.4897;0.1164;0.2165;0.0563,0.0673;0.1792;0.1610;0.1660;0.1293,0.48999999999999994,0.495,0.48,0.5,0.495,-0.009999999999999953,0.010000000000000064,0.53,0.515,0.5349999999999999,0.5349999999999999,0.0
Cho2017,41,200,64,5,0.015,1.506327450048313,0.10311046238578725,0.3307084133696286,0.018867059252653563,3,4,0,0.1126;0.1971;0.0940;0.3307;0.2656,0.1449;0.1848;0.1892;0.2035;0.2046,0.685,0.6900000000000001,0.6900000000000001,0.64,0.6,0.0050000000000000044,0.0050000000000000044,0.715,0.5650000000000001,0.705,0.705,0.0
Cho2017,42,200,64,5,0.015,1.4338201244364555,0.17561778799764483,0.45067217815587934,0.024223341858936227,0,4,0,0.4507;0.1814;0.0896;0.1428;0.1355,0.1760;0.2115;0.2181;0.2172;0.2372,0.52,0.5499999999999999,0.5200000000000001,0.5199999999999999,0.5,1.1102230246251565e-16,0.029999999999999916,0.5349999999999999,0.53,0.545,0.545,0.0
Cho2017,43,200,64,5,0.015,1.3913022018120844,0.21813571062201587,0.39211028837173595,0.03293568240131235,1,1,1,0.1108;0.3921;0.0436;0.1464;0.3071,0.2569;0.3072;0.1956;0.1782;0.1940,0.9549999999999998,0.9400000000000001,0.9400000000000001,0.945,0.9299999999999999,-0.014999999999999791,0.0,0.97,0.9199999999999999,0.97,0.97,0.0
Cho2017,44,200,64,5,0.015,0.6828602290731568,0.9265776833609435,0.8166176886238725,0.06082341934136674,3,2,0,0.0142;0.0144;0.0777;0.8166;0.0772,0.0660;0.1123;0.1249;0.1030;0.1056,0.765,0.745,0.73,0.7000000000000001,0.6900000000000001,-0.03500000000000003,0.0,0.76,0.755,0.7649999999999999,0.7649999999999999,0.0
Cho2017,45,200,64,5,0.015,1.4769217260671432,0.13251618636695706,0.28966272949356603,0.01900196601256036,2,2,1,0.0816;0.0816;0.2897;0.2803;0.2668,0.1370;0.1464;0.1518;0.1396;0.1314,0.43000000000000005,0.41500000000000004,0.38499999999999995,0.385,0.38,-0.045000000000000095,0.0,0.465,0.45,0.45,0.45,0.0
Cho2017,46,240,64,5,0.015,1.4924586658850834,0.11697924654901692,0.3974438586430801,0.01912159214242563,3,1,0,0.1876;0.1247;0.1111;0.3974;0.1792,0.1154;0.1493;0.1103;0.1262;0.1187,0.775,0.7458333333333333,0.7458333333333333,0.7,0.6583333333333333,-0.029166666666666674,0.0,0.7916666666666666,0.625,0.8125,0.8125,0.0
Cho2017,47,200,64,5,0.015,1.2772944239724329,0.3321434884616674,0.5655314508391494,0.030741554110507607,0,4,0,0.5655;0.0728;0.1083;0.1283;0.1251,0.0985;0.0840;0.1069;0.1130;0.1316,0.49499999999999994,0.51,0.5399999999999999,0.575,0.6250000000000001,0.044999999999999984,0.13000000000000017,0.495,0.53,0.5,0.5,0.0
Cho2017,48,200,64,5,0.015,1.2805729575758096,0.3288649548582907,0.503867267703521,0.03779170317935324,1,1,1,0.1627;0.5039;0.0406;0.0612;0.2317,0.1005;0.2285;0.1342;0.1536;0.0903,0.765,0.77,0.78,0.78,0.7300000000000001,0.015000000000000013,0.015000000000000013,0.805,0.8699999999999999,0.8100000000000002,0.8100000000000002,0.0
Cho2017,49,200,64,5,0.015,0.8268767223956074,0.7825611900384929,0.7785376803807509,0.04653223392926761,0,1,0,0.7785;0.0350;0.0582;0.0784;0.0499,0.1961;0.2089;0.1677;0.1898;0.1925,0.725,0.735,0.75,0.7300000000000001,0.7200000000000001,0.025000000000000022,0.025000000000000022,0.74,0.595,0.725,0.725,0.0
Cho2017,50,200,64,5,0.015,0.9142834637484175,0.6951544486856828,0.7248169680160605,0.0549434691468608,4,2,0,0.0186;0.0369;0.1126;0.1071;0.7248,0.1641;0.2083;0.2463;0.2246;0.2135,0.7849999999999999,0.8,0.8,0.7949999999999999,0.745,0.015000000000000124,0.015000000000000124,0.825,0.835,0.835,0.835,0.0
Cho2017,51,200,64,5,0.015,1.437604778273469,0.17183313416063117,0.4367344811025508,0.023774813728205373,3,3,1,0.0895;0.2135;0.1213;0.4367;0.1389,0.1201;0.1491;0.1403;0.1777;0.1432,0.505,0.47000000000000003,0.465,0.45,0.445,-0.03999999999999998,0.0,0.49499999999999994,0.55,0.51,0.51,0.0
Cho2017,52,200,64,5,0.015,1.4828572504518944,0.12658066198220586,0.3633718696036044,0.022874616510211016,3,0,0,0.0791;0.1969;0.2445;0.3634;0.1161,0.1849;0.1832;0.1795;0.1606;0.1403,0.655,0.655,0.655,0.655,0.64,0.0,0.0,0.6900000000000001,0.6199999999999999,0.6849999999999999,0.6849999999999999,0.0
Dreyer2023,1,240,27,5,0.015,1.1878197881439527,0.42161812429014756,0.6063416249732516,0.03196881604454986,0,0,1,0.6063;0.0830;0.0720;0.0725;0.1662,0.1730;0.1142;0.0676;0.1169;0.0749,0.7875000000000001,0.8166666666666668,0.825,0.8416666666666666,0.7833333333333333,0.03749999999999987,0.054166666666666474,0.8125,0.8375,0.825,0.825,0.0
Dreyer2023,2,240,27,5,0.015,1.3388559903542827,0.27058192207981757,0.44431353514850136,0.02699020468032824,1,1,1,0.0901;0.4443;0.3089;0.0735;0.0832,0.0420;0.0805;0.0384;0.0506;0.0176,0.5791666666666667,0.5875,0.5833333333333334,0.5791666666666666,0.525,0.004166666666666652,0.008333333333333304,0.5916666666666667,0.5958333333333333,0.5833333333333333,0.5833333333333333,0.0
Dreyer2023,3,240,27,5,0.015,1.5265893150713148,0.08284859736278549,0.34805285094239796,0.016447588859230367,1,4,0,0.1644;0.3481;0.2344;0.1163;0.1368,0.0978;0.0652;0.0590;0.0781;0.1795,0.9333333333333333,0.925,0.8958333333333333,0.8,0.6916666666666667,-0.03750000000000009,0.0,0.9625,0.9791666666666666,0.9666666666666668,0.9666666666666668,0.0
Dreyer2023,4,240,27,5,0.015,1.3705162767947505,0.23892163563934976,0.39497753229260374,0.028046121592320377,2,3,0,0.0777;0.3333;0.3950;0.1332;0.0609,0.0547;0.0319;0.0300;0.0734;0.0666,0.7083333333333334,0.6958333333333333,0.6791666666666666,0.6083333333333333,0.5875,-0.029166666666666785,0.0,0.7125,0.675,0.7083333333333333,0.7083333333333333,0.0
Dreyer2023,5,240,27,5,0.015,1.1475212317844532,0.4619166806496471,0.577777578451711,0.03511618100257663,1,0,0,0.2554;0.5778;0.0556;0.0556;0.0556,0.1007;0.0643;0.0421;0.0385;0.0577,0.6625,0.6541666666666666,0.6583333333333333,0.6208333333333333,0.5125,-0.004166666666666652,0.0,0.6625,0.6458333333333333,0.6541666666666667,0.6541666666666667,0.0
Dreyer2023,6,240,27,5,0.015,1.4362340095606156,0.17320390287348464,0.4141177761547426,0.025621013180202972,4,0,0,0.2215;0.0964;0.0750;0.1929;0.4141,0.1023;0.0233;0.0370;0.0426;0.0104,0.7791666666666666,0.7791666666666667,0.7791666666666667,0.75,0.6291666666666667,1.1102230246251565e-16,1.1102230246251565e-16,0.7791666666666666,0.8,0.7875000000000001,0.7875000000000001,0.0
Dreyer2023,7,240,27,5,0.015,1.4891604957691387,0.12027741666496161,0.3036284241866382,0.022296478124662993,1,0,0,0.3007;0.3036;0.1229;0.2040;0.0687,0.0839;0.0686;0.0612;0.0569;0.0435,0.6916666666666667,0.7,0.6958333333333333,0.7083333333333334,0.6708333333333334,0.004166666666666652,0.01666666666666672,0.725,0.5874999999999999,0.725,0.725,0.0
Dreyer2023,8,240,27,5,0.015,1.4750449143940005,0.13439299804009974,0.40622720034117665,0.019596196153547723,3,0,0,0.1617;0.2121;0.1100;0.4062;0.1100,0.0666;0.0490;0.0330;0.0537;0.0320,0.6875000000000001,0.6875,0.6833333333333333,0.6166666666666667,0.6041666666666666,-0.004166666666666763,0.0,0.6833333333333333,0.6291666666666667,0.6833333333333333,0.6833333333333333,0.0
Dreyer2023,9,240,27,5,0.015,1.1367032767009837,0.4727346357331166,0.5436032728001731,0.04428714488910349,4,1,0,0.2881;0.0284;0.1115;0.0284;0.5436,0.0686;0.0920;0.0536;0.0672;0.0548,0.7874999999999999,0.7958333333333334,0.7875000000000001,0.7708333333333333,0.6624999999999999,2.220446049250313e-16,0.008333333333333526,0.8083333333333333,0.7583333333333333,0.8166666666666667,0.8166666666666667,0.0
Dreyer2023,10,240,27,5,0.015,1.390553146631349,0.2188847658027513,0.38609458458029017,0.028386551245986213,4,1,0,0.0582;0.0582;0.2521;0.2454;0.3861,0.1254;0.1841;0.0712;0.1090;0.1587,0.8833333333333334,0.8833333333333332,0.8833333333333332,0.85,0.8041666666666666,-2.220446049250313e-16,0.0,0.8791666666666667,0.8916666666666668,0.8916666666666666,0.8916666666666666,0.0
Dreyer2023,11,240,27,5,0.015,1.4941338244704985,0.11530408796360181,0.323217056735024,0.019053329253939877,2,1,0,0.1650;0.0907;0.3232;0.3030;0.1181,0.0849;0.1039;0.0499;0.0482;0.0626,0.7,0.7,0.6583333333333333,0.5958333333333333,0.5458333333333333,-0.04166666666666663,0.0,0.7,0.6458333333333334,0.7000000000000001,0.7000000000000001,0.0
Dreyer2023,12,240,27,5,0.015,1.491648526292666,0.1177893861414343,0.3041416717440612,0.021205049061909637,4,0,0,0.0740;0.1100;0.2266;0.2853;0.3041,0.0827;0.0467;0.0310;0.0584;0.0572,0.6375,0.6333333333333334,0.6333333333333333,0.6125,0.5416666666666667,-0.004166666666666652,0.0,0.6583333333333333,0.6083333333333333,0.6583333333333333,0.6583333333333333,0.0
Dreyer2023,13,240,27,5,0.015,1.4307638798688809,0.1786740325652194,0.35918963356406697,0.022448990939553104,2,2,1,0.1004;0.3317;0.3592;0.1283;0.0804,0.0713;0.0453;0.0742;0.0542;0.0334,0.6833333333333333,0.6666666666666667,0.6541666666666666,0.6291666666666667,0.6166666666666667,-0.029166666666666785,0.0,0.65,0.6166666666666666,0.625,0.625,0.0
Dreyer2023,14,240,27,5,0.015,1.3828014585933939,0.2266364538407064,0.4704945981096045,0.02522723298507542,4,0,0,0.0875;0.2226;0.1317;0.0877;0.4705,0.0632;0.0448;0.0484;0.0449;0.0310,0.6125,0.5958333333333333,0.5583333333333333,0.5874999999999999,0.5333333333333333,-0.054166666666666696,0.0,0.5875000000000001,0.5791666666666667,0.5958333333333334,0.5958333333333334,0.0
Dreyer2023,15,240,27,5,0.015,1.2972427428918958,0.3121951695422045,0.4963999488735337,0.037216553607168176,4,0,0,0.0805;0.0415;0.2481;0.1335;0.4964,0.1376;0.0595;0.0846;0.1059;0.0637,0.75,0.7375,0.7416666666666667,0.6916666666666667,0.6291666666666667,-0.008333333333333304,0.0,0.7583333333333333,0.8041666666666666,0.7583333333333334,0.7583333333333334,0.0
Dreyer2023,16,240,27,5,0.015,1.3949821744533126,0.21445573798078765,0.4613981267550498,0.02418269761504921,3,4,0,0.1067;0.0920;0.1087;0.4614;0.2312,0.0729;0.0508;0.0668;0.0618;0.0811,0.6333333333333333,0.6249999999999999,0.6458333333333333,0.6708333333333333,0.6083333333333333,0.012499999999999956,0.03749999999999998,0.6416666666666666,0.5916666666666666,0.6291666666666667,0.6291666666666667,0.0
Dreyer2023,17,240,27,5,0.015,0.9094507478216258,0.6999871646124745,0.7343699539203832,0.055029024083801316,0,0,1,0.7344;0.0642;0.0695;0.1132;0.0187,0.0751;0.0683;0.0724;0.0746;0.0637,0.6208333333333333,0.6375,0.6583333333333333,0.6458333333333333,0.6125,0.03749999999999998,0.03749999999999998,0.6333333333333334,0.4791666666666667,0.6333333333333334,0.6333333333333334,0.0
Dreyer2023,18,240,27,5,0.015,1.541440262719113,0.06799764971498723,0.307672824288051,0.014495679386364277,2,3,0,0.1207;0.2423;0.3077;0.1171;0.2123,0.1579;0.0878;0.0762;0.1603;0.0646,0.8541666666666667,0.8291666666666668,0.8125,0.7875,0.6791666666666667,-0.04166666666666674,0.0,0.8666666666666666,0.9125,0.8708333333333332,0.8708333333333332,0.0
Dreyer2023,19,240,27,5,0.015,1.1251487913874127,0.48428912104668753,0.645932975854382,0.03718016190888422,0,0,1,0.6459;0.0752;0.0542;0.1224;0.1024,0.2838;0.0841;0.0624;0.1786;0.0728,0.9333333333333332,0.9375,0.9416666666666667,0.9416666666666667,0.9375,0.008333333333333415,0.008333333333333415,0.9375,0.9416666666666667,0.9375,0.9375,0.0
Dreyer2023,20,240,27,5,0.015,0.7878617353790835,0.8215761770550167,0.772783686618104,0.06312725606461944,0,3,0,0.7728;0.0686;0.0115;0.1191;0.0280,0.1126;0.0700;0.0701;0.1724;0.0728,0.8958333333333334,0.9166666666666667,0.9125,0.8875,0.8666666666666668,0.016666666666666607,0.02083333333333337,0.9,0.8375,0.9041666666666666,0.9041666666666666,0.0
Dreyer2023,21,240,27,5,0.015,1.1441641085653373,0.46527380386876294,0.6193148155245534,0.03792748722268624,4,3,0,0.1238;0.0494;0.0494;0.1581;0.6193,0.0728;0.0856;0.0872;0.1055;0.0430,0.6833333333333333,0.6874999999999999,0.6833333333333333,0.6541666666666667,0.6125,0.0,0.004166666666666541,0.7083333333333333,0.7375,0.7208333333333333,0.7208333333333333,0.0
Dreyer2023,22,240,27,5,0.015,1.5299020712472868,0.07953584118681345,0.3624222714618798,0.016890534486978453,3,1,0,0.1175;0.1878;0.1688;0.3624;0.1634,0.0912;0.2081;0.0599;0.0663;0.0645,0.8375,0.85,0.85,0.8166666666666668,0.6833333333333333,0.012499999999999956,0.012499999999999956,0.8833333333333334,0.9375,0.8791666666666668,0.8791666666666668,0.0
Dreyer2023,23,240,27,5,0.015,1.441334413825995,0.16810349860810536,0.3534931219137993,0.025554755341273605,1,0,0,0.1317;0.3535;0.3201;0.1304;0.0643,0.1127;0.0852;0.0626;0.0742;0.0532,0.7083333333333334,0.7125,0.7208333333333334,0.6958333333333334,0.6708333333333333,0.012500000000000067,0.012500000000000067,0.7375,0.7208333333333334,0.7208333333333334,0.7208333333333334,0.0
Dreyer2023,24,240,27,5,0.015,1.4086023369816127,0.20083557545248754,0.4109868923525908,0.028842787794993795,0,0,1,0.4110;0.0880;0.0601;0.1831;0.2579,0.1922;0.0939;0.1508;0.1604;0.1159,0.9333333333333333,0.9416666666666668,0.9375,0.925,0.8333333333333334,0.004166666666666652,0.008333333333333415,0.9458333333333334,0.9,0.9458333333333334,0.9458333333333334,0.0
Dreyer2023,25,240,27,5,0.015,1.4504046394812073,0.15903327295289293,0.32811568842467154,0.026374338194680602,4,0,0,0.2610;0.2612;0.0565;0.0931;0.3281,0.2199;0.1745;0.0879;0.1579;0.0722,0.8833333333333332,0.8791666666666668,0.8791666666666667,0.85,0.8166666666666667,-0.004166666666666541,0.0,0.8958333333333333,0.9458333333333332,0.9,0.9,0.0
Dreyer2023,26,240,27,5,0.015,1.224336940612035,0.38510097182206526,0.5855609578537103,0.03925654415593064,4,1,0,0.1224;0.1240;0.0428;0.1253;0.5856,0.0974;0.1116;0.0721;0.0574;0.0545,0.7666666666666667,0.7541666666666667,0.7458333333333333,0.7333333333333333,0.6875,-0.02083333333333337,0.0,0.7791666666666667,0.7416666666666667,0.7666666666666668,0.7666666666666668,0.0
Dreyer2023,27,240,27,5,0.015,1.068081170400536,0.5413567420335643,0.6005438366440318,0.041553425608202854,1,1,1,0.0564;0.6005;0.0376;0.2678;0.0376,0.0709;0.0828;0.0757;0.0535;0.0689,0.4875000000000001,0.4916666666666667,0.4958333333333334,0.5166666666666667,0.5125,0.008333333333333304,0.02916666666666662,0.5125,0.5458333333333333,0.5041666666666667,0.5041666666666667,0.0
Dreyer2023,28,240,27,5,0.015,1.5610815422966637,0.048356370137436544,0.31294768030240006,0.01300924264208499,1,3,0,0.2233;0.3129;0.1745;0.1577;0.1315,0.0412;0.0397;0.0347;0.0528;0.0459,0.5625,0.5708333333333333,0.5708333333333333,0.5458333333333334,0.5041666666666667,0.008333333333333304,0.008333333333333304,0.5833333333333333,0.55,0.5750000000000001,0.5750000000000001,0.0
Dreyer2023,29,240,27,5,0.015,1.001186815033085,0.6082510974010154,0.7081087776100439,0.03678109225437439,0,0,1,0.7081;0.0682;0.0610;0.0610;0.1017,0.0661;0.0517;0.0318;0.0365;0.0181,0.6208333333333333,0.6375,0.6458333333333333,0.6791666666666667,0.6833333333333333,0.02499999999999991,0.0625,0.6583333333333333,0.5833333333333333,0.6625,0.6625,0.0
Dreyer2023,30,240,27,5,0.015,1.3410339740897097,0.2684039383443906,0.4860965967982368,0.029471209891429744,2,0,0,0.0980;0.1042;0.4861;0.0681;0.2435,0.0737;0.0702;0.0646;0.0519;0.0270,0.6583333333333333,0.6666666666666667,0.6208333333333333,0.5791666666666667,0.5125,-0.03749999999999998,0.008333333333333415,0.6833333333333333,0.6625,0.6833333333333333,0.6833333333333333,0.0
Dreyer2023,31,240,27,5,0.015,1.4418693545473533,0.16756855788674696,0.3352640503992826,0.024586721309024433,0,3,0,0.3353;0.1745;0.3273;0.0651;0.0979,0.0572;0.0549;0.0204;0.0620;0.0342,0.6375,0.6541666666666667,0.6708333333333334,0.7083333333333334,0.6791666666666666,0.03333333333333344,0.07083333333333341,0.6375,0.5875,0.6375,0.6375,0.0
Dreyer2023,32,240,27,5,0.015,1.4128349289377318,0.1966029834963685,0.39329999563457907,0.02509715743397371,4,0,0,0.1695;0.0748;0.2886;0.0738;0.3933,0.1005;0.0865;0.0739;0.0787;0.0486,0.6791666666666667,0.6791666666666666,0.6958333333333334,0.6291666666666667,0.5958333333333333,0.01666666666666672,0.01666666666666672,0.7124999999999999,0.675,0.7083333333333333,0.7083333333333333,0.0
Dreyer2023,33,240,27,5,0.015,1.2815156064585973,0.327922305975503,0.46876874158692255,0.0359152200698046,2,1,0,0.3110;0.0772;0.4688;0.1002;0.0428,0.1140;0.1245;0.0715;0.0926;0.1032,0.8541666666666667,0.8541666666666666,0.825,0.7291666666666667,0.6583333333333333,-0.029166666666666785,0.0,0.8541666666666667,0.6875,0.8541666666666666,0.8541666666666666,0.0
Dreyer2023,34,240,27,5,0.015,1.1120944812661628,0.49734343116793744,0.5952379364874649,0.04831772034124748,3,2,0,0.2194;0.0371;0.0238;0.5952;0.1244,0.0599;0.0667;0.0778;0.0487;0.0567,0.65,0.6583333333333333,0.5833333333333333,0.5666666666666667,0.525,-0.06666666666666676,0.008333333333333304,0.7208333333333333,0.6083333333333334,0.7208333333333334,0.7208333333333334,0.0
Dreyer2023,35,240,27,5,0.015,1.3711978979320567,0.23824001450204357,0.3637125709005922,0.030313950907680038,0,0,1,0.3637;0.2877;0.0514;0.2490;0.0482,0.1698;0.0747;0.1039;0.0817;0.0728,0.9083333333333334,0.9125,0.9125,0.9041666666666666,0.8833333333333334,0.004166666666666541,0.004166666666666541,0.9291666666666666,0.9208333333333334,0.925,0.925,0.0
Dreyer2023,36,240,27,5,0.015,1.4208814038398876,0.1885565085942127,0.4542864751856533,0.023807530959540912,1,0,0,0.0929;0.4543;0.1465;0.1065;0.1998,0.0880;0.0454;0.0584;0.0395;0.0268,0.725,0.7208333333333334,0.7208333333333333,0.6833333333333333,0.6458333333333334,-0.004166666666666652,0.0,0.6833333333333333,0.6166666666666666,0.6833333333333333,0.6833333333333333,0.0
Dreyer2023,37,240,27,5,0.015,1.15579326981343,0.4536446426206704,0.6340434241643357,0.03429876861396249,2,0,0,0.0940;0.0644;0.6340;0.1189;0.0886,0.1076;0.0815;0.0508;0.0818;0.0699,0.7291666666666666,0.7291666666666666,0.7166666666666666,0.6875,0.5875,-0.012500000000000067,0.0,0.7083333333333333,0.725,0.7,0.7,0.0
Dreyer2023,39,240,27,5,0.015,1.2095035243143246,0.39993438811977566,0.6056321139283419,0.030513348450161626,3,1,0,0.0792;0.1132;0.0792;0.6056;0.1228,0.1240;0.1424;0.0390;0.0679;0.0462,0.8875,0.8791666666666667,0.875,0.8291666666666666,0.7291666666666667,-0.012499999999999956,0.0,0.9,0.9125,0.9,0.9,0.0
Dreyer2023,40,232,27,5,0.015,1.3520161633325007,0.25742174910159954,0.5194879528331159,0.024345646261946907,3,0,0,0.1057;0.1189;0.1534;0.5195;0.1025,0.0897;0.0668;0.0512;0.0521;0.0509,0.6294172062904717,0.6295097132284921,0.6683626271970398,0.6165587419056429,0.5906567992599445,0.03894542090656805,0.03894542090656805,0.6380203515263644,0.5558741905642923,0.6422756706753006,0.6422756706753006,0.0
Dreyer2023,41,240,27,5,0.015,1.50337744102212,0.10606047141198038,0.37375170500818966,0.018378397495555143,3,1,0,0.1098;0.1989;0.1144;0.3738;0.2032,0.0556;0.0762;0.0595;0.0520;0.0312,0.675,0.7083333333333334,0.7083333333333334,0.6875000000000001,0.5875,0.033333333333333326,0.033333333333333326,0.7,0.5833333333333333,0.7125,0.7125,0.0
Dreyer2023,42,240,27,5,0.015,1.4576633936675394,0.1517745187665609,0.37088580445492003,0.025936643173652296,4,1,0,0.1035;0.2314;0.0658;0.2283;0.3709,0.0696;0.0865;0.0524;0.0372;0.0342,0.5999999999999999,0.5791666666666667,0.5791666666666667,0.5458333333333333,0.5,-0.02083333333333315,0.0,0.5875,0.5875,0.5791666666666667,0.5791666666666667,0.0
Dreyer2023,43,240,27,5,0.015,1.2364849274815963,0.37295298495250395,0.5852039497871226,0.03294653528771104,1,0,0,0.0651;0.5852;0.1229;0.0869;0.1399,0.0974;0.0254;0.0164;0.0339;0.0345,0.5958333333333334,0.6041666666666667,0.5708333333333333,0.575,0.5333333333333334,-0.025000000000000133,0.008333333333333304,0.5916666666666667,0.6208333333333333,0.6041666666666667,0.6041666666666667,0.0
Dreyer2023,44,240,27,5,0.015,1.416931052843631,0.19250685959046931,0.4410571089309937,0.025446539301684945,0,0,1,0.4411;0.1868;0.0897;0.2016;0.0809,0.0636;0.0478;0.0511;0.0540;0.0374,0.5791666666666666,0.6000000000000001,0.5916666666666667,0.575,0.5541666666666667,0.012500000000000067,0.02083333333333348,0.5624999999999999,0.6083333333333333,0.5625,0.5625,0.0
Dreyer2023,45,240,27,5,0.015,0.9960543740300098,0.6133835384040904,0.6980980196792687,0.043398624435142676,2,0,0,0.0387;0.1093;0.6981;0.0412;0.1128,0.0612;0.0444;0.0587;0.0534;0.0408,0.6375,0.65,0.6249999999999999,0.5916666666666667,0.5666666666666667,-0.012500000000000067,0.012500000000000067,0.6416666666666666,0.5583333333333333,0.6333333333333334,0.6333333333333334,0.0
Dreyer2023,46,240,27,5,0.015,1.2867779309073948,0.3226599815267055,0.4504566795661798,0.03206226909094482,4,1,0,0.1037;0.3317;0.0531;0.0610;0.4505,0.0522;0.0596;0.0335;0.0365;0.0335,0.6208333333333333,0.6208333333333333,0.6250000000000001,0.5875000000000001,0.5291666666666667,0.004166666666666763,0.004166666666666763,0.5833333333333333,0.575,0.6083333333333333,0.6083333333333333,0.0
Dreyer2023,47,240,27,5,0.015,1.2886799783908787,0.3207579340432216,0.4455996278298132,0.035308787696092025,4,3,0,0.0423;0.1672;0.0423;0.3025;0.4456,0.0580;0.0426;0.0411;0.0761;0.0661,0.6125,0.6333333333333333,0.6208333333333333,0.6041666666666667,0.5874999999999999,0.008333333333333304,0.02083333333333326,0.6333333333333333,0.5791666666666666,0.6375,0.6375,0.0
Dreyer2023,48,240,27,5,0.015,1.2735178363652877,0.3359200760688126,0.4872920976052269,0.03479443510211189,0,4,0,0.4873;0.0975;0.0728;0.2946;0.0479,0.0629;0.0386;0.0821;0.0947;0.1344,0.8375,0.8375,0.8166666666666667,0.7625,0.7625,-0.02083333333333337,0.0,0.8458333333333334,0.7625,0.8333333333333334,0.8333333333333334,0.0
Dreyer2023,49,240,27,5,0.015,1.4047208693119266,0.20471704312217365,0.412538334698074,0.03308902277137434,1,4,0,0.1527;0.4125;0.0454;0.1255;0.2638,0.0694;0.0366;0.0456;0.0983;0.1016,0.8208333333333334,0.8166666666666667,0.825,0.8208333333333334,0.7625,0.004166666666666541,0.004166666666666541,0.8458333333333332,0.8208333333333334,0.8375,0.8375,0.0
Dreyer2023,50,240,27,5,0.015,1.5118246517717642,0.09761326066233611,0.35544309940998736,0.01952680759457574,1,2,0,0.0967;0.3554;0.2243;0.1297;0.1939,0.0588;0.0593;0.0851;0.0487;0.0553,0.5458333333333334,0.5166666666666667,0.5249999999999999,0.525,0.5208333333333333,-0.02083333333333348,0.0,0.5375,0.5166666666666667,0.5374999999999999,0.5374999999999999,0.0
Dreyer2023,51,240,27,5,0.015,1.5787153118557447,0.03072260057835563,0.2710237571478144,0.011228362212796958,0,1,0,0.2710;0.2341;0.1745;0.1282;0.1922,0.0691;0.0693;0.0652;0.0485;0.0321,0.6958333333333334,0.7083333333333334,0.7041666666666667,0.6625,0.5583333333333333,0.008333333333333304,0.012499999999999956,0.7208333333333333,0.625,0.7125,0.7125,0.0
Dreyer2023,52,240,27,5,0.015,1.2350612351205061,0.37437667731359414,0.4094969477859453,0.03624609597795662,4,0,0,0.0365;0.3968;0.1155;0.0417;0.4095,0.1198;0.1077;0.0715;0.0971;0.0783,0.8666666666666666,0.875,0.8583333333333334,0.8083333333333332,0.7708333333333334,-0.008333333333333193,0.008333333333333415,0.8958333333333334,0.8333333333333334,0.8916666666666668,0.8916666666666668,0.0
Dreyer2023,53,240,27,5,0.015,0.9183064629649003,0.6911314494692,0.7384130839267367,0.04517279548014701,2,2,1,0.0514;0.0363;0.7384;0.0700;0.1038,0.0673;0.0661;0.0795;0.0670;0.0794,0.6833333333333333,0.6958333333333333,0.6791666666666666,0.6041666666666667,0.5583333333333333,-0.004166666666666763,0.012499999999999956,0.6875,0.5916666666666667,0.6958333333333332,0.6958333333333332,0.0
Dreyer2023,54,240,27,5,0.015,1.5338876761780762,0.07555023625602408,0.287665995875425,0.01383483752760569,1,0,0,0.1148;0.2877;0.1144;0.1996;0.2836,0.0817;0.0474;0.0772;0.0488;0.0431,0.6250000000000001,0.6416666666666667,0.6375,0.6208333333333333,0.5583333333333333,0.012499999999999845,0.016666666666666607,0.6416666666666666,0.5958333333333333,0.6375,0.6375,0.0
Dreyer2023,55,240,27,5,0.015,1.4290792793298164,0.1803586331042839,0.39032523138178105,0.025648450293547606,0,0,1,0.3903;0.0706;0.1246;0.2936;0.1209,0.2458;0.1680;0.0761;0.2023;0.0796,0.9416666666666667,0.9458333333333332,0.9541666666666666,0.9375,0.8958333333333334,0.012499999999999956,0.012499999999999956,0.9541666666666666,0.8875,0.9541666666666668,0.9541666666666668,0.0
Dreyer2023,56,240,27,5,0.015,1.0944262925633401,0.5150116198707602,0.6227318172247819,0.04631316597247329,4,0,0,0.0284;0.1877;0.1213;0.0399;0.6227,0.3797;0.1556;0.2790;0.1384;0.1838,0.9708333333333332,0.975,0.975,0.9583333333333334,0.9375,0.004166666666666763,0.004166666666666763,0.9791666666666666,0.9916666666666668,0.9791666666666666,0.9791666666666666,0.0
Dreyer2023,57,240,27,5,0.015,1.1102303336756603,0.49920757875844,0.6539062884027239,0.03488452352263405,1,0,0,0.1259;0.6539;0.0639;0.0924;0.0639,0.0704;0.0180;0.0131;0.0419;0.0149,0.6749999999999999,0.7166666666666667,0.7208333333333334,0.6958333333333334,0.6083333333333333,0.045833333333333504,0.045833333333333504,0.7583333333333332,0.8208333333333332,0.7416666666666666,0.7416666666666666,0.0
Dreyer2023,58,240,27,5,0.015,1.546654996817953,0.06278291561614724,0.31215462039822617,0.013696452808461915,4,4,1,0.1279;0.2447;0.1900;0.1253;0.3122,0.0579;0.0918;0.0461;0.0833;0.0992,0.7916666666666666,0.7874999999999999,0.7874999999999999,0.7875,0.7625,-0.004166666666666763,0.0,0.7958333333333333,0.7666666666666667,0.7916666666666666,0.7916666666666666,0.0
Dreyer2023,59,160,27,5,0.015,1.4886148252112839,0.12082308722281643,0.2999869833874432,0.01935971643352774,1,0,0,0.0825;0.3000;0.2691;0.2565;0.0919,0.1346;0.1183;0.0609;0.1136;0.0780,0.68125,0.675,0.675,0.68125,0.64375,-0.006249999999999978,0.0,0.675,0.675,0.66875,0.66875,0.0
Dreyer2023,60,240,27,5,0.015,1.545449744161876,0.06398816827222431,0.33976197299188515,0.012531257575618238,2,2,1,0.1474;0.1474;0.3398;0.2182;0.1474,0.0578;0.0728;0.0893;0.0564;0.0883,0.5583333333333333,0.5666666666666667,0.6,0.6125,0.6000000000000001,0.04166666666666663,0.054166666666666696,0.5875000000000001,0.5291666666666667,0.575,0.575,0.0
Dreyer2023,61,240,27,5,0.015,1.162432731612175,0.4470051808219253,0.5690645876709591,0.04106747745213742,0,1,0,0.5691;0.0728;0.0368;0.2543;0.0670,0.1055;0.1603;0.0397;0.0588;0.0589,0.8791666666666668,0.8916666666666668,0.8875,0.8791666666666667,0.8333333333333333,0.008333333333333193,0.012500000000000067,0.8958333333333334,0.9083333333333334,0.8958333333333334,0.8958333333333334,0.0
Dreyer2023,62,240,27,5,0.015,1.1253100262482367,0.48412788618586355,0.6351630363660191,0.0376538958284048,2,0,0,0.0520;0.1444;0.6352;0.0516;0.1168,0.1682;0.0644;0.0500;0.1019;0.0522,0.875,0.85,0.7999999999999999,0.6624999999999999,0.55,-0.07500000000000007,0.0,0.875,0.9416666666666667,0.8833333333333332,0.8833333333333332,0.0
Dreyer2023,63,240,27,5,0.015,1.5634996978827063,0.04593821455139402,0.3155136630119933,0.01179950981519462,0,0,1,0.3155;0.1986;0.1437;0.1437;0.1985,0.0652;0.0499;0.0466;0.0370;0.0613,0.7333333333333333,0.7583333333333333,0.7499999999999999,0.7291666666666667,0.6666666666666667,0.016666666666666607,0.025000000000000022,0.7416666666666666,0.6291666666666667,0.7375,0.7375,0.0
Dreyer2023,65,240,27,5,0.015,1.259967322879484,0.3494705895546162,0.4928642217916184,0.038600537354090525,0,3,0,0.4929;0.1626;0.0376;0.0462;0.2607,0.0948;0.0837;0.0364;0.1150;0.0712,0.8875,0.9,0.9083333333333334,0.8708333333333333,0.8375,0.02083333333333348,0.02083333333333348,0.8916666666666668,0.8833333333333334,0.8916666666666668,0.8916666666666668,0.0
Dreyer2023,66,240,27,5,0.015,1.50646611342237,0.10297179901173026,0.33501803399756375,0.018388453279138073,2,0,0,0.1176;0.0983;0.3350;0.2728;0.1763,0.0740;0.0684;0.0586;0.0668;0.0737,0.7041666666666666,0.6875000000000001,0.6416666666666667,0.6375,0.6375,-0.06249999999999989,0.0,0.7000000000000001,0.7083333333333333,0.6958333333333333,0.6958333333333333,0.0
Dreyer2023,67,240,27,5,0.015,1.3309805383326545,0.2784573741014458,0.4899765637760607,0.030822945869880696,0,4,0,0.4900;0.1876;0.1969;0.0628;0.0628,0.0640;0.0703;0.0427;0.0516;0.0891,0.6625000000000001,0.6708333333333334,0.675,0.6666666666666667,0.6458333333333334,0.012499999999999956,0.012499999999999956,0.675,0.5458333333333334,0.675,0.675,0.0
Dreyer2023,68,240,27,5,0.015,1.4582521665933237,0.1511857458407766,0.33988856735213274,0.02617529284551264,4,0,0,0.2344;0.1012;0.0594;0.2652;0.3399,0.0435;0.0367;0.0360;0.0327;0.0228,0.5874999999999999,0.6,0.5916666666666667,0.5916666666666667,0.5833333333333333,0.004166666666666763,0.012500000000000067,0.5916666666666666,0.5625,0.575,0.575,0.0
Dreyer2023,69,240,27,5,0.015,1.2207217574192641,0.38871615501483614,0.47838845154015364,0.034640689424633386,1,4,0,0.0475;0.4784;0.0784;0.0535;0.3422,0.0969;0.1393;0.0860;0.1117;0.1706,0.8958333333333334,0.9041666666666666,0.9,0.9083333333333334,0.8916666666666666,0.004166666666666652,0.012500000000000067,0.9166666666666666,0.8958333333333334,0.9208333333333332,0.9208333333333332,0.0
Dreyer2023,70,240,27,5,0.015,1.344004524044825,0.2654333883892752,0.5161626302819866,0.030055476456577985,4,0,0,0.0696;0.1399;0.1574;0.1170;0.5162,0.0444;0.0433;0.0359;0.0246;0.0092,0.5875,0.5999999999999999,0.5833333333333333,0.5666666666666668,0.5625000000000001,-0.004166666666666763,0.012499999999999845,0.5916666666666667,0.5458333333333334,0.5958333333333334,0.5958333333333334,0.0
Dreyer2023,71,240,27,5,0.015,1.4522734863389342,0.15716442609516612,0.3972991443391509,0.022322066172852408,0,3,0,0.3973;0.0897;0.0923;0.2474;0.1732,0.0543;0.0349;0.0604;0.0645;0.0542,0.5291666666666667,0.55,0.5375000000000001,0.5125,0.5291666666666667,0.008333333333333415,0.02083333333333337,0.525,0.4958333333333334,0.5375,0.5375,0.0
Dreyer2023,72,240,27,5,0.015,1.4305433814274764,0.1788945310066239,0.3948643174722365,0.02419130903248486,2,0,0,0.1625;0.2767;0.3949;0.0872;0.0787,0.0687;0.0657;0.0483;0.0482;0.0341,0.5291666666666667,0.5291666666666667,0.5166666666666666,0.5208333333333333,0.4958333333333333,-0.012500000000000067,0.0,0.5166666666666667,0.5,0.5083333333333334,0.5083333333333334,0.0
Dreyer2023,73,240,27,5,0.015,1.4199659099471826,0.18947200248691765,0.36881682684903,0.021991100064995644,4,3,0,0.0851;0.0938;0.1198;0.3324;0.3688,0.1565;0.0738;0.1139;0.2134;0.1565,0.9833333333333332,0.9875,0.9833333333333334,0.9666666666666666,0.95,2.220446049250313e-16,0.004166666666666874,0.9875,0.9541666666666666,0.9833333333333332,0.9833333333333332,0.0
Dreyer2023,74,240,27,5,0.015,1.3775346097935315,0.2319033026405688,0.47586147608667906,0.029813556114044088,3,0,0,0.1049;0.1525;0.0652;0.4759;0.2015,0.1005;0.0805;0.0743;0.0542;0.0568,0.7666666666666667,0.775,0.775,0.7666666666666667,0.7,0.008333333333333304,0.008333333333333304,0.8041666666666666,0.7375,0.7958333333333333,0.7958333333333333,0.0
Dreyer2023,75,240,27,5,0.015,1.4075350754839886,0.20190283695011169,0.4503868266817638,0.024913373663373692,1,0,0,0.0856;0.4504;0.0858;0.2117;0.1665,0.0731;0.0446;0.0192;0.0528;0.0281,0.675,0.6833333333333333,0.6666666666666666,0.6333333333333333,0.6125,-0.008333333333333415,0.008333333333333304,0.7083333333333334,0.6666666666666666,0.7041666666666666,0.7041666666666666,0.0
Dreyer2023,76,240,27,5,0.015,1.4983295922452935,0.11110832018880679,0.3133142003941752,0.023869278538568944,3,0,0,0.1414;0.2134;0.2681;0.3133;0.0638,0.2956;0.2106;0.0568;0.1389;0.1208,0.975,0.975,0.9583333333333334,0.9208333333333334,0.7791666666666666,-0.016666666666666607,0.0,0.975,0.9791666666666666,0.975,0.975,0.0
Dreyer2023,77,240,27,5,0.015,1.4168725492037508,0.19256536323034945,0.4530215752088132,0.022501569533798522,0,0,1,0.4530;0.1011;0.2163;0.1285;0.1011,0.0704;0.0522;0.0344;0.0363;0.0414,0.6125,0.6166666666666667,0.6083333333333333,0.5875,0.5583333333333333,-0.004166666666666763,0.004166666666666652,0.5583333333333333,0.5208333333333333,0.5791666666666667,0.5791666666666667,0.0
Dreyer2023,78,240,27,5,0.015,1.3803689332922262,0.22906897914187407,0.4332444832758393,0.03160236208157804,0,0,1,0.4332;0.2298;0.2059;0.0527;0.0784,0.1291;0.0412;0.0665;0.1143;0.0426,0.8208333333333334,0.8291666666666666,0.825,0.8125,0.8125,0.004166666666666541,0.008333333333333193,0.8041666666666666,0.8166666666666667,0.8166666666666667,0.8166666666666667,0.0
Dreyer2023,79,240,27,5,0.015,1.4843541684688735,0.1250837439652268,0.38958423794711217,0.018375305502999373,4,0,0,0.1144;0.1449;0.1144;0.2366;0.3896,0.2298;0.1482;0.0491;0.1375;0.1013,0.9333333333333333,0.9375,0.9416666666666667,0.9333333333333333,0.8708333333333333,0.008333333333333304,0.008333333333333304,0.9458333333333334,0.9333333333333333,0.95,0.95,0.0
Dreyer2023,80,240,27,5,0.015,1.2788830833510687,0.3305548290830316,0.4822370429374455,0.037313724407523674,2,4,0,0.2364;0.1975;0.4822;0.0438;0.0401,0.0536;0.0630;0.0607;0.0654;0.0806,0.5333333333333333,0.55,0.5541666666666667,0.5708333333333333,0.5583333333333333,0.02083333333333337,0.03749999999999998,0.5291666666666667,0.525,0.5291666666666666,0.5291666666666666,0.0
Dreyer2023,81,240,27,5,0.015,1.4398571056711653,0.16958080676293497,0.4066777694070855,0.027824039706146147,3,0,0,0.2453;0.1318;0.1526;0.4067;0.0636,0.0918;0.0650;0.0475;0.0663;0.0741,0.5833333333333333,0.575,0.5333333333333333,0.5166666666666667,0.4916666666666667,-0.04999999999999993,0.0,0.5875000000000001,0.6249999999999999,0.6166666666666667,0.6166666666666667,0.0
Dreyer2023,82,240,27,5,0.015,1.4419026709218037,0.1675352415122966,0.3585242562330155,0.023933980282998313,0,2,0,0.3585;0.2153;0.2764;0.0770;0.0727,0.0612;0.0442;0.0640;0.0208;0.0401,0.5750000000000001,0.5916666666666667,0.5666666666666667,0.5333333333333334,0.5083333333333333,-0.008333333333333415,0.016666666666666607,0.5791666666666666,0.5666666666666667,0.5791666666666666,0.5791666666666666,0.0
Dreyer2023,83,240,27,5,0.015,1.0287906753202611,0.5806472371138391,0.6970875052533523,0.03798044636684198,1,0,0,0.0554;0.6971;0.0748;0.0857;0.0870,0.1256;0.1072;0.0609;0.0732;0.0480,0.7541666666666667,0.775,0.7666666666666667,0.7333333333333333,0.6875,0.012500000000000067,0.02083333333333337,0.8,0.7916666666666667,0.8083333333333333,0.8083333333333333,0.0
Dreyer2023,84,240,27,5,0.015,1.524920065315256,0.08451784711884436,0.34944551555676073,0.015256690410366073,0,0,1,0.3494;0.1376;0.2416;0.1450;0.1264,0.1091;0.0249;0.0355;0.1071;0.0146,0.7375,0.7583333333333333,0.7666666666666666,0.7541666666666667,0.7041666666666666,0.029166666666666563,0.029166666666666563,0.7875,0.7958333333333334,0.7875,0.7875,0.0
Dreyer2023,85,240,27,5,0.015,1.0998962853926768,0.5095416270414235,0.6416837177557482,0.04011477529360589,2,3,0,0.1551;0.1127;0.6417;0.0462;0.0442,0.1162;0.0943;0.0967;0.1628;0.0383,0.825,0.8291666666666666,0.8083333333333333,0.7541666666666667,0.6875,-0.016666666666666607,0.004166666666666652,0.8291666666666666,0.8041666666666666,0.8291666666666666,0.8291666666666666,0.0
Dreyer2023,86,240,27,5,0.015,1.5556643592562185,0.053773553177881794,0.3365458604120846,0.012416031840540926,1,0,0,0.1896;0.3365;0.1611;0.1657;0.1471,0.0615;0.0462;0.0254;0.0230;0.0342,0.6791666666666666,0.6625,0.6416666666666666,0.6333333333333334,0.6208333333333333,-0.03749999999999998,0.0,0.6708333333333333,0.5791666666666667,0.6375,0.6375,0.0
Dreyer2023,87,240,27,5,0.015,1.3598109396530758,0.24962697278102453,0.5028173670570785,0.030022038516943034,2,0,0,0.1397;0.0679;0.5028;0.1235;0.1660,0.2262;0.1076;0.2061;0.0614;0.0925,0.8958333333333333,0.8958333333333334,0.8875,0.8666666666666668,0.85,-0.008333333333333304,1.1102230246251565e-16,0.875,0.8708333333333333,0.875,0.875,0.0
