dataset,subject,n_trials,n_channels,n_bands,tau,descriptor,entropy,deficit,max_w,mi_range,argmax_w,argmax_disc,peak_correct,weights,disc,g0.0,g0.5,g1.0,g2.0,g4.0,gain,gain_best,FBCSP,FBCSP+MIBIF,AWFBCSP-published,AWFBCSP-noweight,published_minus_noweight
BNCI2014-001,1,288,22,5,0.015,csp,0.7241301840249683,0.885307728409132,0.7719883137869433,0.09437584748056843,1,1,1,0.0760;0.7720;0.0014;0.0090;0.1416,0.1100;0.1448;0.0504;0.0780;0.1193,0.8854809437386569,0.8992135511191772,0.9096793708408952,0.8993345432546885,0.8957652752571083,0.024198427102238296,0.024198427102238296,0.8992740471869329,0.9095583787053843,0.9027828191167574,0.9027828191167574,0.0
BNCI2014-001,2,288,22,5,0.015,csp,1.2678545790750797,0.3415833333590206,0.5250867417408525,0.03267584915541469,1,1,1,0.0830;0.5251;0.2474;0.0850;0.0595,0.0229;0.0506;0.0393;0.0233;0.0179,0.6038717483363581,0.6072595281306714,0.6073200241984271,0.6216575922565034,0.6248033877797943,0.0034482758620689724,0.020931639443436123,0.6004839685420448,0.6179673321234119,0.6004839685420448,0.6004839685420448,0.0
BNCI2014-001,3,288,22,5,0.015,csp,0.009166750747892315,1.600271161686208,0.9988757128596784,0.19116275486972992,0,0,1,0.9989;0.0001;0.0000;0.0010;0.0000,0.2358;0.0992;0.0447;0.1324;0.0506,0.9339987900786451,0.9652752571082879,0.9582577132486388,0.9582577132486388,0.9582577132486388,0.024258923169993785,0.03127646702964282,0.9479733817301875,0.9479128856624321,0.9514216575922566,0.9514216575922566,0.0
BNCI2014-001,4,288,22,5,0.015,csp,1.4788218868746694,0.13061602555943086,0.33126559595703503,0.023374792540245964,0,0,1,0.3313;0.2058;0.2814;0.1118;0.0697,0.0720;0.0648;0.0695;0.0557;0.0486,0.7643073200241985,0.7886267392619478,0.7781004234724743,0.7537205081669691,0.7398669086509376,0.013793103448275779,0.024319419237749273,0.7885662431941924,0.6949788263762855,0.7919540229885058,0.7919540229885058,0.0
BNCI2014-001,5,288,22,5,0.015,csp,1.2411461214199135,0.36829179101418674,0.5776535851164061,0.03464115603466297,4,4,1,0.1374;0.0854;0.1423;0.0574;0.5777,0.0454;0.0383;0.0460;0.0323;0.0670,0.7018753781004236,0.7295825771324862,0.7470659407138536,0.7295825771324864,0.7156684815486992,0.04519056261343002,0.04519056261343002,0.726194797338173,0.6951603145795524,0.7260133091349061,0.7260133091349061,0.0
BNCI2014-001,6,288,22,5,0.015,csp,0.5336368103965421,1.0758011020375582,0.8722608742048021,0.06473493296011579,0,0,1,0.8723;0.0145;0.0419;0.0597;0.0117,0.0947;0.0333;0.0492;0.0545;0.0300,0.7014519056261344,0.7015728977616454,0.7155474894131881,0.7084694494857834,0.6770719903206291,0.014095583787053778,0.014095583787053778,0.7081669691470054,0.6738656987295826,0.7082879612825167,0.7082879612825167,0.0
BNCI2014-001,7,288,22,5,0.015,csp,0.9382919659785283,0.671145946455572,0.5363029616536826,0.07283374311425617,3,3,1,0.0479;0.0168;0.3948;0.5363;0.0042,0.0795;0.0638;0.1112;0.1157;0.0429,0.8680580762250454,0.8819116757410768,0.8679975801572898,0.8575922565033274,0.8298245614035087,-6.04960677555999e-05,0.013853599516031379,0.8750756200846945,0.8333938294010889,0.8577132486388385,0.8577132486388385,0.0
BNCI2014-001,8,288,22,5,0.015,csp,0.005052664662856907,1.6043852477712435,0.999451232700199,0.18300453838577924,0,0,1,0.9995;0.0000;0.0004;0.0001;0.0000,0.2535;0.0704;0.1358;0.1208;0.0781,0.9583787053841502,0.9377495462794918,0.9343012704174228,0.9343012704174228,0.9343012704174228,-0.024077434966727318,0.0,0.9584392014519058,0.9515426497277677,0.9584392014519058,0.9584392014519058,0.0
BNCI2014-001,9,288,22,5,0.015,csp,0.7476780173657078,0.8617598950683925,0.49683010941075806,0.0937209036158588,3,3,1,0.4937;0.0010;0.0065;0.4968;0.0019,0.1500;0.0564;0.0852;0.1501;0.0670,0.8050816696914701,0.8608590441621293,0.8608590441621293,0.8574107683000605,0.8366001209921354,0.055777374470659224,0.055777374470659224,0.8364791288566245,0.84010889292196,0.8330308529945555,0.8330308529945555,0.0
BNCI2014-004,1,720,3,5,0.015,csp,0.629388274985154,0.9800496374489462,0.8087082186408726,0.09527757913046364,0,0,1,0.8087;0.1280;0.0014;0.0585;0.0034,0.0953;0.0676;0.0000;0.0559;0.0131,0.7208333333333334,0.7125,0.7208333333333334,0.6986111111111111,0.6972222222222222,0.0,0.0,0.7125,0.6986111111111111,0.7486111111111111,0.7486111111111111,0.0
BNCI2014-004,2,680,3,5,0.015,csp,1.5367178609638827,0.07272005147021754,0.33988615096139474,0.014865432905998621,0,0,1,0.3399;0.2307;0.1359;0.1262;0.1673,0.0149;0.0091;0.0011;0.0000;0.0042,0.5661764705882353,0.5720588235294117,0.5691176470588235,0.5882352941176471,0.5911764705882353,0.002941176470588225,0.025000000000000022,0.5691176470588235,0.5867647058823529,0.5794117647058824,0.5794117647058824,0.0
BNCI2014-004,3,720,3,5,0.015,csp,1.4308633483548314,0.17857456407926886,0.4637286012839604,0.01975454551320066,2,2,1,0.1243;0.1285;0.4637;0.1243;0.1592,0.0000;0.0005;0.0198;0.0000;0.0037,0.5666666666666667,0.5625,0.5736111111111111,0.5569444444444445,0.5208333333333334,0.00694444444444442,0.00694444444444442,0.5694444444444444,0.523611111111111,0.5694444444444444,0.5694444444444444,0.0
BNCI2014-004,4,740,3,5,0.015,csp,1.44128928098778e-07,1.6094377683051722,0.9999999927004704,0.5164234972887435,0,0,1,1.0000;0.0000;0.0000;0.0000;0.0000,0.5215;0.0283;0.1028;0.2404;0.0050,0.9378378378378379,0.9283783783783784,0.9283783783783784,0.9283783783783784,0.9283783783783784,-0.009459459459459474,0.0,0.9337837837837839,0.9351351351351352,0.9337837837837839,0.9337837837837839,0.0
BNCI2014-004,5,740,3,5,0.015,csp,1.2460288476244765e-05,1.609425452145624,0.9999992229272577,0.28917698074150566,4,4,1,0.0000;0.0000;0.0000;0.0000;1.0000,0.0706;0.0887;0.0262;0.0950;0.3154,0.85,0.8513513513513512,0.8486486486486486,0.8486486486486486,0.8486486486486486,-0.0013513513513513375,0.0013513513513512265,0.8513513513513512,0.845945945945946,0.8581081081081081,0.8581081081081081,0.0
BNCI2014-004,6,720,3,5,0.015,csp,0.22855343080126192,1.3808844816328383,0.951183518004276,0.15899685265056074,1,1,1,0.0380;0.9512;0.0000;0.0054;0.0054,0.1374;0.1857;0.0267;0.1081;0.1082,0.8097222222222223,0.8138888888888889,0.7736111111111111,0.7347222222222222,0.7347222222222222,-0.036111111111111205,0.004166666666666541,0.8083333333333333,0.8055555555555557,0.8111111111111111,0.8111111111111111,0.0
BNCI2014-004,7,720,3,5,0.015,csp,4.369793092752197e-05,1.6093942145031728,0.9999970396854596,0.22897005606541831,1,1,1,0.0000;1.0000;0.0000;0.0000;0.0000,0.0119;0.2290;0.0000;0.0044;0.0313,0.7722222222222223,0.763888888888889,0.7569444444444444,0.7569444444444444,0.7569444444444444,-0.015277777777777835,0.0,0.7819444444444444,0.7625,0.7972222222222222,0.7972222222222222,0.0
BNCI2014-004,8,760,3,5,0.015,csp,0.014190516230197615,1.5952473962039027,0.9980451635996497,0.21288882903391226,0,0,1,0.9980;0.0000;0.0000;0.0019;0.0000,0.2129;0.0284;0.0000;0.1193;0.0000,0.7736842105263158,0.7802631578947368,0.7763157894736843,0.7763157894736843,0.7763157894736843,0.0026315789473685403,0.006578947368421018,0.7736842105263158,0.7789473684210527,0.7842105263157895,0.7842105263157895,0.0
BNCI2014-004,9,720,3,5,0.015,csp,1.1905800024244924,0.4188579100096079,0.42751898440013764,0.08392815741199766,3,3,1,0.0355;0.3112;0.0016;0.4275;0.2241,0.1212;0.1537;0.0746;0.1585;0.1488,0.7763888888888888,0.7805555555555556,0.773611111111111,0.7666666666666667,0.7555555555555555,-0.002777777777777768,0.004166666666666763,0.7791666666666666,0.7527777777777778,0.7736111111111111,0.7736111111111111,0.0
Lee2019-MI,1,100,62,5,0.015,csp,0.1769812892544493,1.432456623179651,0.9683619798518611,0.10720792436835702,1,1,1,0.0139;0.9684;0.0008;0.0080;0.0090,0.1357;0.1993;0.0921;0.1274;0.1292,0.6900000000000001,0.67,0.67,0.68,0.68,-0.020000000000000018,0.0,0.6199999999999999,0.6,0.6399999999999999,0.6399999999999999,0.0
Lee2019-MI,2,100,62,5,0.015,csp,0.01231246988564934,1.597125442548451,0.9983608309410141,0.23801169064092698,4,4,1,0.0000;0.0000;0.0000;0.0016;0.9984,0.1997;0.2805;0.2448;0.3413;0.4378,0.9100000000000001,1.0,0.99,0.99,0.99,0.07999999999999985,0.08999999999999986,0.97,1.0,0.97,0.97,0.0
Lee2019-MI,3,100,62,5,0.015,csp,0.7663770149303574,0.8430608975037429,0.632500176063,0.09121223428189265,3,3,1,0.0014;0.3431;0.0164;0.6325;0.0065,0.1771;0.2591;0.2135;0.2683;0.1996,0.9099999999999999,0.8699999999999999,0.8300000000000001,0.8299999999999998,0.7699999999999999,-0.07999999999999985,0.0,0.9399999999999998,0.8699999999999999,0.95,0.95,0.0
Lee2019-MI,4,100,62,5,0.015,csp,0.40903542137001325,1.2004024910640871,0.8981956105539431,0.16676916733865368,1,1,1,0.0676;0.8982;0.0288;0.0054;0.0000,0.2676;0.3064;0.2547;0.2297;0.1396,0.8099999999999999,0.8,0.76,0.74,0.76,-0.04999999999999993,0.0,0.8200000000000001,0.75,0.8300000000000001,0.8300000000000001,0.0
Lee2019-MI,5,100,62,5,0.015,csp,0.7256598005747775,0.8837781118593228,0.6901944932902142,0.08914277593179648,0,0,1,0.6902;0.0027;0.0018;0.0225;0.2829,0.2256;0.1423;0.1365;0.1742;0.2122,0.7700000000000001,0.75,0.7300000000000001,0.7200000000000001,0.6900000000000001,-0.040000000000000036,0.0,0.73,0.7,0.7100000000000001,0.7100000000000001,0.0
Lee2019-MI,6,100,62,5,0.015,csp,0.07107081487289005,1.5383670975612103,0.9867878003503264,0.20206367419633336,1,1,1,0.0131;0.9868;0.0001;0.0000;0.0000,0.2258;0.2907;0.1486;0.1407;0.0886,0.69,0.78,0.76,0.74,0.74,0.07000000000000006,0.09000000000000008,0.7300000000000001,0.73,0.75,0.75,0.0
Lee2019-MI,7,100,62,5,0.015,csp,0.7187602340009307,0.8906776784331696,0.7828170667845823,0.08132474099245704,1,1,1,0.0180;0.7828;0.1411;0.0546;0.0035,0.1586;0.2151;0.1894;0.1752;0.1338,0.65,0.6199999999999999,0.61,0.5900000000000001,0.54,-0.040000000000000036,0.0,0.6900000000000001,0.5900000000000001,0.6799999999999999,0.6799999999999999,0.0
Lee2019-MI,8,100,62,5,0.015,csp,0.28634638652356326,1.3230915259105371,0.9389771301802748,0.09084870161907549,2,2,1,0.0022;0.0349;0.9390;0.0217;0.0022,0.0732;0.1147;0.1640;0.1075;0.0732,0.66,0.6000000000000001,0.5599999999999999,0.5900000000000001,0.5700000000000001,-0.10000000000000009,0.0,0.65,0.5900000000000001,0.64,0.64,0.0
Lee2019-MI,9,100,62,5,0.015,csp,0.8513877218795158,0.7580501905545844,0.6596337662442676,0.07516590863501199,4,4,1,0.0044;0.2725;0.0557;0.0078;0.6596,0.2353;0.2972;0.2734;0.2440;0.3105,0.54,0.55,0.53,0.52,0.51,-0.010000000000000009,0.010000000000000009,0.5199999999999999,0.51,0.55,0.55,0.0
Lee2019-MI,10,100,62,5,0.015,csp,0.6301271032728856,0.9793108091612147,0.6856822863186147,0.1551676575379465,1,1,1,0.3132;0.6857;0.0010;0.0001;0.0000,0.2427;0.2544;0.1565;0.1160;0.0993,0.6799999999999999,0.71,0.6799999999999999,0.6499999999999999,0.6399999999999999,0.0,0.030000000000000027,0.7,0.6900000000000001,0.69,0.69,0.0
Lee2019-MI,11,100,62,5,0.015,csp,0.45820201292463086,1.1512358995094694,0.8449506533696686,0.21682638334292234,0,0,1,0.8450;0.1486;0.0064;0.0000;0.0000,0.3126;0.2865;0.2394;0.1475;0.0958,0.6199999999999999,0.63,0.6199999999999999,0.64,0.64,0.0,0.02000000000000013,0.5900000000000001,0.6100000000000001,0.6,0.6,0.0
Lee2019-MI,12,100,62,5,0.015,csp,0.7615571165241835,0.8478807959099168,0.7103171519263981,0.10572447371397892,0,0,1,0.7103;0.2329;0.0034;0.0528;0.0006,0.2116;0.1949;0.1316;0.1726;0.1059,0.7499999999999999,0.7300000000000001,0.75,0.76,0.75,1.1102230246251565e-16,0.01000000000000012,0.7300000000000001,0.79,0.7300000000000001,0.7300000000000001,0.0
Lee2019-MI,13,100,62,5,0.015,csp,1.0372226790998647,0.5722152333342356,0.5344500173191546,0.08414321862463092,2,2,1,0.2672;0.0036;0.5345;0.1928;0.0020,0.2430;0.1783;0.2534;0.2381;0.1692,0.5900000000000001,0.5800000000000001,0.55,0.56,0.5900000000000001,-0.040000000000000036,0.0,0.63,0.55,0.65,0.65,0.0
Lee2019-MI,14,100,62,5,0.015,csp,1.2524360676314468,0.3570018448026535,0.44546136842282813,0.046966467603049844,3,3,1,0.0631;0.1399;0.3321;0.4455;0.0195,0.1621;0.1740;0.1870;0.1914;0.1444,0.5700000000000001,0.58,0.5700000000000001,0.5800000000000001,0.5900000000000001,0.0,0.020000000000000018,0.55,0.55,0.54,0.54,0.0
Lee2019-MI,15,100,62,5,0.015,csp,0.0378829902679618,1.5715549221661385,0.9948469213735339,0.1644661413333076,0,0,1,0.9948;0.0023;0.0015;0.0013;0.0000,0.3125;0.2216;0.2148;0.2132;0.1480,0.73,0.7499999999999999,0.78,0.76,0.7499999999999999,0.050000000000000044,0.050000000000000044,0.78,0.7699999999999999,0.7699999999999999,0.7699999999999999,0.0
Lee2019-MI,16,100,62,5,0.015,csp,1.1368696883111904,0.4725682241229099,0.5674752920228008,0.08168246672560855,0,0,1,0.5675;0.1473;0.2099;0.0728;0.0024,0.1657;0.1455;0.1508;0.1349;0.0841,0.6700000000000002,0.6000000000000001,0.58,0.55,0.56,-0.09000000000000019,0.0,0.67,0.5199999999999999,0.63,0.63,0.0
Lee2019-MI,17,100,62,5,0.015,csp,0.7036351583216978,0.9058027541124025,0.5398889725828887,0.117402236000486,3,3,1,0.0003;0.0014;0.0002;0.5399;0.4582,0.1548;0.1784;0.1505;0.2679;0.2654,0.57,0.64,0.65,0.6100000000000001,0.5900000000000001,0.08000000000000007,0.08000000000000007,0.63,0.5900000000000001,0.62,0.62,0.0
Lee2019-MI,18,100,62,5,0.015,csp,0.015442317292099874,1.5939955951420004,0.9980910259503553,0.16078264988138544,1,1,1,0.0012;0.9981;0.0006;0.0001;0.0000,0.2661;0.3672;0.2568;0.2227;0.2064,0.82,0.8800000000000001,0.89,0.9,0.9,0.07000000000000006,0.08000000000000007,0.8699999999999999,0.8899999999999999,0.8600000000000001,0.8600000000000001,0.0
Lee2019-MI,19,100,62,5,0.015,csp,0.754032046497043,0.8554058659370573,0.7941449270272837,0.07021434196292234,1,1,1,0.0490;0.7941;0.0818;0.0677;0.0074,0.2172;0.2590;0.2249;0.2220;0.1887,0.63,0.6500000000000001,0.64,0.6,0.6300000000000001,0.010000000000000009,0.02000000000000013,0.67,0.63,0.6399999999999999,0.6399999999999999,0.0
Lee2019-MI,20,100,62,5,0.015,csp,0.8545111561283776,0.7549267563057227,0.6370536454828003,0.08965168231752269,1,1,1,0.3055;0.6371;0.0161;0.0397;0.0016,0.1903;0.2013;0.1461;0.1597;0.1116,0.65,0.5900000000000001,0.6000000000000001,0.56,0.5700000000000001,-0.04999999999999993,0.0,0.62,0.5900000000000001,0.61,0.61,0.0
Lee2019-MI,21,100,62,5,0.015,csp,0.023558001834538593,1.5858799105995618,0.9966098918757954,0.17690648129927355,1,1,1,0.0000;0.9966;0.0002;0.0000;0.0032,0.2874;0.4415;0.3106;0.2645;0.3553,0.96,1.0,1.0,1.0,1.0,0.040000000000000036,0.040000000000000036,1.0,1.0,1.0,1.0,0.0
Lee2019-MI,22,100,62,5,0.015,csp,0.5165735912388418,1.0928643211952584,0.8130626364565702,0.1353598457120027,1,1,1,0.0060;0.8131;0.1796;0.0013;0.0001,0.2319;0.3055;0.2829;0.2085;0.1702,0.6599999999999999,0.6,0.54,0.5299999999999999,0.5199999999999999,-0.11999999999999988,0.0,0.68,0.5199999999999999,0.7,0.7,0.0
Lee2019-MI,23,100,62,5,0.015,csp,0.7243167675353134,0.8851211448987869,0.7022771676352716,0.1678062020292496,1,1,1,0.2594;0.7023;0.0382;0.0001;0.0000,0.3071;0.3220;0.2783;0.1943;0.1542,0.7700000000000001,0.8099999999999999,0.8099999999999999,0.79,0.78,0.039999999999999813,0.039999999999999813,0.77,0.8,0.76,0.76,0.0
Lee2019-MI,24,100,62,5,0.015,csp,0.6123675352792834,0.9970703771548168,0.83663969143846,0.08611934587225331,4,4,1,0.0027;0.0347;0.0956;0.0304;0.8366,0.2254;0.2637;0.2789;0.2617;0.3115,0.55,0.5,0.48,0.47000000000000003,0.49000000000000005,-0.07000000000000006,0.0,0.5799999999999998,0.5700000000000001,0.59,0.59,0.0
Lee2019-MI,25,100,62,5,0.015,csp,0.7189117668795331,0.8905261455545672,0.6931032078778427,0.08321321567300849,0,0,1,0.6931;0.2844;0.0104;0.0027;0.0094,0.3187;0.3053;0.2557;0.2354;0.2541,0.8799999999999999,0.8700000000000001,0.8399999999999999,0.79,0.76,-0.040000000000000036,0.0,0.9199999999999999,0.8800000000000001,0.9199999999999999,0.9199999999999999,0.0
Lee2019-MI,26,100,62,5,0.015,csp,1.0944939148826363,0.514943997551464,0.6286287877074621,0.04785121844179585,1,1,1,0.1623;0.6286;0.0259;0.0450;0.1382,0.1609;0.1812;0.1333;0.1416;0.1585,0.65,0.6599999999999999,0.65,0.6299999999999999,0.5900000000000001,0.0,0.009999999999999898,0.65,0.66,0.65,0.65,0.0
Lee2019-MI,27,100,62,5,0.015,csp,0.17770825995163017,1.43172965248247,0.9655103100619757,0.1223488437311373,0,0,1,0.9655;0.0177;0.0160;0.0005;0.0003,0.2324;0.1724;0.1709;0.1201;0.1101,0.6799999999999999,0.7699999999999999,0.7799999999999999,0.7699999999999999,0.7699999999999999,0.09999999999999998,0.09999999999999998,0.74,0.64,0.71,0.71,0.0
Lee2019-MI,28,100,62,5,0.015,csp,0.551901953818317,1.0575359586157833,0.7600055853946308,0.23687727743126577,1,1,1,0.2399;0.7600;0.0000;0.0001;0.0000,0.3760;0.3933;0.1564;0.2580;0.1916,0.9299999999999999,0.9700000000000001,0.9800000000000001,0.9800000000000001,0.96,0.050000000000000155,0.050000000000000155,0.95,0.95,0.95,0.95,0.0
Lee2019-MI,29,100,62,5,0.015,csp,0.9953503290470654,0.6140875833870348,0.4598064833338903,0.09063224516187973,4,4,1,0.0011;0.0215;0.4465;0.0711;0.4598,0.5057;0.5504;0.5959;0.5683;0.5963,0.96,0.97,0.97,0.97,0.97,0.010000000000000009,0.010000000000000009,0.96,0.96,0.95,0.95,0.0
Lee2019-MI,30,100,62,5,0.015,csp,0.132759910113752,1.4766780023203483,0.9729083815405273,0.13422727098718082,0,0,1,0.9729;0.0008;0.0009;0.0253;0.0001,0.2455;0.1387;0.1408;0.1908;0.1113,0.76,0.78,0.7300000000000001,0.7299999999999999,0.72,-0.029999999999999916,0.020000000000000018,0.77,0.6699999999999999,0.76,0.76,0.0
Lee2019-MI,31,100,62,5,0.015,csp,0.21741236192047497,1.3920255505136252,0.9572955925162191,0.10610978402217286,1,1,1,0.0058;0.9573;0.0273;0.0008;0.0088,0.2690;0.3455;0.2921;0.2394;0.2751,0.76,0.7100000000000001,0.6699999999999999,0.6599999999999999,0.6599999999999999,-0.09000000000000008,0.0,0.75,0.62,0.76,0.76,0.0
Lee2019-MI,32,100,62,5,0.015,csp,0.15671098869223976,1.4527269237418605,0.9651989667753426,0.16631807210053567,1,1,1,0.0336;0.9652;0.0011;0.0000;0.0001,0.3354;0.3858;0.2842;0.2195;0.2471,0.9,0.9299999999999999,0.9199999999999999,0.9199999999999999,0.9199999999999999,0.019999999999999907,0.029999999999999916,0.9099999999999999,0.96,0.9200000000000002,0.9200000000000002,0.0
Lee2019-MI,33,100,62,5,0.015,csp,0.05986720433355683,1.5495707081005434,0.9907467594584838,0.11593413347266127,1,1,1,0.0071;0.9907;0.0011;0.0007;0.0004,0.1987;0.2728;0.1703;0.1637;0.1569,0.8,0.8700000000000001,0.8800000000000001,0.8800000000000001,0.89,0.08000000000000007,0.08999999999999997,0.86,0.95,0.85,0.85,0.0
Lee2019-MI,34,100,62,5,0.015,csp,0.7709838305917402,0.83845408184236,0.5056048848508691,0.09564898953667642,0,0,1,0.5056;0.0009;0.0103;0.4796;0.0037,0.1546;0.0589;0.0962;0.1538;0.0806,0.57,0.5599999999999999,0.55,0.5599999999999999,0.5399999999999999,-0.019999999999999907,0.0,0.5900000000000001,0.55,0.56,0.56,0.0
Lee2019-MI,35,100,62,5,0.015,csp,1.1883453509732544,0.42109256146084584,0.5678550569110201,0.06313256928214311,3,3,1,0.1248;0.1626;0.0084;0.5679;0.1362,0.3158;0.3198;0.2754;0.3386;0.3172,0.95,0.96,0.95,0.95,0.9099999999999999,0.0,0.010000000000000009,0.95,0.97,0.95,0.95,0.0
Lee2019-MI,36,100,62,5,0.015,csp,0.023704633465293064,1.5857332789688072,0.9967239689166278,0.1939456280534375,0,0,1,0.9967;0.0001;0.0028;0.0004;0.0000,0.4464;0.3076;0.3580;0.3297;0.2524,0.96,0.99,0.99,1.0,1.0,0.030000000000000027,0.040000000000000036,0.97,0.99,0.97,0.97,0.0
Lee2019-MI,37,100,62,5,0.015,csp,0.6931791870663478,0.9162587253677524,0.5632128878033031,0.1753061561758407,0,0,1,0.5632;0.4357;0.0000;0.0003;0.0008,0.4021;0.3982;0.2268;0.2880;0.3031,0.97,0.9800000000000001,0.9800000000000001,0.9800000000000001,0.9800000000000001,0.01000000000000012,0.01000000000000012,0.99,0.9700000000000001,0.99,0.99,0.0
Lee2019-MI,38,100,62,5,0.015,csp,1.2805089494402409,0.32892896299385943,0.4426931578683831,0.04080469844421625,4,4,1,0.0292;0.3287;0.1292;0.0703;0.4427,0.2751;0.3115;0.2975;0.2883;0.3159,0.56,0.5199999999999999,0.51,0.54,0.53,-0.050000000000000044,0.0,0.5599999999999999,0.5599999999999999,0.57,0.57,0.0
Lee2019-MI,39,100,62,5,0.015,csp,0.4489110654072758,1.1605268470268244,0.8946129365359707,0.08770900400725185,2,2,1,0.0530;0.0367;0.8946;0.0132;0.0026,0.1871;0.1816;0.2295;0.1663;0.1418,0.76,0.78,0.76,0.7400000000000001,0.71,0.0,0.020000000000000018,0.77,0.7300000000000001,0.74,0.74,0.0
Lee2019-MI,40,100,62,5,0.015,csp,1.201363966560459,0.4080739458736413,0.5074139120810139,0.08792528711603101,2,2,1,0.1039;0.2602;0.5074;0.1270;0.0014,0.2912;0.3050;0.3150;0.2942;0.2271,0.6000000000000001,0.6499999999999999,0.63,0.5700000000000001,0.5800000000000001,0.029999999999999916,0.04999999999999982,0.62,0.54,0.6,0.6,0.0
Lee2019-MI,41,100,62,5,0.015,csp,0.0566986461740293,1.552739266260071,0.9916214696586303,0.18339479728489352,0,0,1,0.9916;0.0030;0.0042;0.0011;0.0000,0.3265;0.2397;0.2445;0.2249;0.1431,0.6599999999999999,0.6699999999999999,0.61,0.56,0.56,-0.04999999999999993,0.010000000000000009,0.56,0.5799999999999998,0.5800000000000001,0.5800000000000001,0.0
Lee2019-MI,42,100,62,5,0.015,csp,0.5379743791502603,1.07146353328384,0.8443737498797387,0.10305026923447252,1,1,1,0.0011;0.8444;0.0459;0.0009;0.1077,0.1865;0.2862;0.2425;0.1832;0.2553,0.64,0.71,0.6799999999999999,0.66,0.66,0.039999999999999925,0.06999999999999995,0.68,0.5900000000000001,0.66,0.66,0.0
Lee2019-MI,43,100,62,5,0.015,csp,0.6785121709555462,0.9309257414785541,0.7531853047616783,0.11070824808548099,3,3,1,0.0005;0.2093;0.0333;0.7532;0.0037,0.2184;0.3099;0.2823;0.3291;0.2494,0.8100000000000002,0.73,0.6900000000000002,0.65,0.65,-0.12,0.0,0.8299999999999998,0.78,0.8099999999999999,0.8099999999999999,0.0
Lee2019-MI,44,100,62,5,0.015,csp,0.6271157013045688,0.9823222111295314,0.7555249176100555,0.13430524973279337,3,3,1,0.2256;0.0179;0.0009;0.7555;0.0001,0.2414;0.2034;0.1593;0.2595;0.1252,0.9,0.9299999999999999,0.9299999999999999,0.9199999999999999,0.9199999999999999,0.029999999999999916,0.029999999999999916,0.95,0.93,0.9200000000000002,0.9200000000000002,0.0
Lee2019-MI,45,100,62,5,0.015,csp,0.9657363067519283,0.6437016056821719,0.5782412326300762,0.11014385721228237,3,3,1,0.1409;0.0004;0.2782;0.5782;0.0023,0.2743;0.1854;0.2845;0.2955;0.2126,0.7699999999999999,0.86,0.8699999999999999,0.85,0.85,0.09999999999999998,0.09999999999999998,0.89,0.9399999999999998,0.86,0.86,0.0
Lee2019-MI,46,100,62,5,0.015,csp,0.09182203277769248,1.5176158796564079,0.9851607189086573,0.12648775788182448,1,1,1,0.0026;0.9852;0.0029;0.0091;0.0002,0.1410;0.2300;0.1425;0.1598;0.1035,0.56,0.57,0.5800000000000001,0.57,0.5800000000000001,0.020000000000000018,0.020000000000000018,0.61,0.53,0.6,0.6,0.0
Lee2019-MI,47,100,62,5,0.015,csp,0.6020498254293138,1.0073880870047864,0.8481423950169277,0.0702832915421096,2,2,1,0.0622;0.0212;0.8481;0.0078;0.0606,0.2277;0.2115;0.2668;0.1966;0.2273,0.74,0.6900000000000001,0.67,0.66,0.65,-0.06999999999999995,0.0,0.75,0.66,0.75,0.75,0.0
Lee2019-MI,48,100,62,5,0.015,csp,1.1322121481211962,0.4772257643129041,0.5994560571046705,0.04595563287891352,0,0,1,0.5995;0.0280;0.2153;0.0988;0.0585,0.2097;0.1637;0.1943;0.1827;0.1748,0.5900000000000001,0.58,0.5800000000000001,0.63,0.62,-0.010000000000000009,0.039999999999999925,0.5800000000000001,0.6100000000000001,0.61,0.61,0.0
Lee2019-MI,49,100,62,5,0.015,csp,0.42449606520941463,1.1849418472246858,0.8993636394288975,0.10164571636029188,1,1,1,0.0010;0.8994;0.0601;0.0135;0.0260,0.2387;0.3404;0.2998;0.2774;0.2872,0.8299999999999998,0.74,0.74,0.75,0.6799999999999999,-0.08999999999999986,0.0,0.8099999999999999,0.65,0.82,0.82,0.0
Lee2019-MI,50,100,62,5,0.015,csp,0.4351481586966926,1.1742897537374077,0.9026749423528879,0.08646427854646299,0,0,1,0.9027;0.0271;0.0313;0.0361;0.0028,0.3582;0.3057;0.3078;0.3099;0.2718,0.62,0.58,0.57,0.5800000000000001,0.5900000000000001,-0.050000000000000044,0.0,0.6300000000000001,0.5199999999999999,0.62,0.62,0.0
Lee2019-MI,51,100,62,5,0.015,csp,1.0004941041585156,0.6089438082755847,0.6078476624391862,0.07507036221701777,1,1,1,0.1624;0.6078;0.0041;0.2146;0.0111,0.1535;0.1733;0.0982;0.1577;0.1133,0.42000000000000004,0.43,0.44000000000000006,0.43,0.47000000000000003,0.020000000000000018,0.04999999999999999,0.48999999999999994,0.49000000000000005,0.45999999999999996,0.45999999999999996,0.0
Lee2019-MI,52,100,62,5,0.015,csp,0.9455938547969951,0.6638440576371052,0.5167618762940983,0.1707912565021443,2,2,1,0.0000;0.4106;0.5168;0.0449;0.0278,0.1769;0.3442;0.3477;0.3110;0.3038,0.7700000000000001,0.7299999999999999,0.68,0.6699999999999999,0.6699999999999999,-0.09000000000000008,0.0,0.77,0.6799999999999999,0.76,0.76,0.0
Lee2019-MI,53,100,62,5,0.015,csp,0.7296643837822591,0.8797735286518412,0.6288108532635863,0.13521673204094906,0,0,1,0.6288;0.0020;0.0132;0.3559;0.0001,0.2597;0.1734;0.2018;0.2512;0.1245,0.5700000000000001,0.6199999999999999,0.63,0.65,0.66,0.05999999999999994,0.08999999999999997,0.57,0.63,0.5800000000000001,0.5800000000000001,0.0
Lee2019-MI,54,100,62,5,0.015,csp,0.6583309798317253,0.951106932602375,0.7316175513835078,0.08474458673438276,0,0,1,0.7316;0.2517;0.0113;0.0026;0.0028,0.1602;0.1442;0.0976;0.0755;0.0768,0.5900000000000001,0.55,0.5399999999999999,0.5599999999999999,0.54,-0.050000000000000155,0.0,0.5700000000000001,0.4999999999999999,0.5700000000000001,0.5700000000000001,0.0
Cho2017,1,200,64,5,0.015,csp,0.8456366244953519,0.7638012879387484,0.7476993099829178,0.052051958554703986,4,4,1,0.0233;0.1417;0.0236;0.0637;0.7477,0.1474;0.1746;0.1477;0.1625;0.1995,0.675,0.62,0.61,0.605,0.5700000000000001,-0.06500000000000006,0.0,0.6599999999999999,0.725,0.6599999999999999,0.6599999999999999,0.0
Cho2017,2,200,64,5,0.015,csp,1.2496932119288822,0.3597447005052181,0.42436076817565094,0.04538208226471688,2,2,1,0.3684;0.0727;0.4244;0.1140;0.0206,0.1015;0.0772;0.1036;0.0839;0.0582,0.525,0.5650000000000001,0.5650000000000001,0.5850000000000001,0.5800000000000001,0.040000000000000036,0.06000000000000005,0.525,0.575,0.525,0.525,0.0
Cho2017,3,200,64,5,0.015,csp,1.0716142765512835,0.5378236358828168,0.5578825303676451,0.09387375846723758,4,4,1,0.0011;0.2246;0.1940;0.0224;0.5579,0.1294;0.2097;0.2075;0.1751;0.2233,0.8,0.77,0.76,0.7,0.6900000000000001,-0.040000000000000036,0.0,0.7950000000000002,0.8250000000000002,0.795,0.795,0.0
Cho2017,4,200,64,5,0.015,csp,0.5515702305627482,1.0578676818713522,0.7829782224009642,0.11425962073878704,4,4,1,0.0004;0.2120;0.0023;0.0023;0.7830,0.1154;0.2100;0.1422;0.1424;0.2296,0.735,0.7699999999999999,0.76,0.7649999999999999,0.7550000000000001,0.025000000000000022,0.03499999999999992,0.76,0.8550000000000001,0.76,0.76,0.0
Cho2017,5,200,64,5,0.015,csp,1.5366268856684278,0.07281102676567253,0.34112653352391364,0.017301845644790592,3,3,1,0.1574;0.2121;0.1817;0.3411;0.1076,0.1896;0.1940;0.1917;0.2012;0.1839,0.7300000000000001,0.72,0.6849999999999999,0.6399999999999999,0.6050000000000001,-0.04500000000000015,0.0,0.71,0.635,0.7150000000000001,0.7150000000000001,0.0
Cho2017,6,200,64,5,0.015,csp,0.9772898498912513,0.6321480625428489,0.629350782768644,0.08920126131546346,3,3,1,0.0462;0.2532;0.0696;0.6294;0.0016,0.1517;0.1772;0.1578;0.1908;0.1016,0.765,0.72,0.6900000000000001,0.645,0.615,-0.07499999999999996,0.0,0.74,0.76,0.73,0.73,0.0
Cho2017,7,240,64,5,0.015,csp,0.955241909223514,0.6541960032105862,0.6948347416239808,0.0509628102299198,3,3,1,0.1555;0.0232;0.0258;0.6948;0.1006,0.0643;0.0358;0.0374;0.0868;0.0578,0.5166666666666667,0.5125,0.5041666666666667,0.4958333333333333,0.4708333333333333,-0.012500000000000067,0.0,0.5166666666666667,0.5041666666666667,0.5125,0.5125,0.0
Cho2017,8,200,64,5,0.015,csp,0.9062052763119018,0.7032326361221984,0.7278557766678844,0.04987331819780699,2,2,1,0.1467;0.0506;0.7279;0.0262;0.0486,0.1724;0.1565;0.1964;0.1466;0.1558,0.485,0.5,0.51,0.505,0.48,0.025000000000000022,0.025000000000000022,0.53,0.5449999999999999,0.58,0.58,0.0
Cho2017,9,240,64,5,0.015,csp,1.300209547455091,0.3092283649790093,0.3454353045589944,0.0770487189450576,2,2,1,0.0020;0.2843;0.3454;0.0818;0.2864,0.0870;0.1611;0.1640;0.1424;0.1612,0.575,0.5499999999999999,0.5541666666666668,0.5374999999999999,0.55,-0.02083333333333315,0.0,0.5708333333333333,0.5083333333333333,0.5791666666666667,0.5791666666666667,0.0
Cho2017,10,200,64,5,0.015,csp,1.374250754221786,0.23518715821231417,0.39827112442425794,0.052938581636864906,3,3,1,0.2218;0.2009;0.1673;0.3983;0.0117,0.1583;0.1568;0.1541;0.1671;0.1141,0.6,0.59,0.555,0.5349999999999999,0.515,-0.04499999999999993,0.0,0.615,0.655,0.615,0.615,0.0
Cho2017,11,200,64,5,0.015,csp,0.6676181324392536,0.9418197799948467,0.8289133373033751,0.06776098773327416,3,3,1,0.0090;0.0461;0.0700;0.8289;0.0460,0.1479;0.1723;0.1786;0.2157;0.1723,0.6199999999999999,0.6000000000000001,0.5800000000000001,0.5700000000000001,0.575,-0.039999999999999813,0.0,0.625,0.5449999999999999,0.63,0.63,0.0
Cho2017,12,200,64,5,0.015,csp,1.2105678320901825,0.3988700803439178,0.6069752186334592,0.029516647487616926,3,3,1,0.0848;0.1236;0.0913;0.6070;0.0933,0.1631;0.1688;0.1642;0.1927;0.1646,0.635,0.61,0.595,0.55,0.55,-0.040000000000000036,0.0,0.6200000000000001,0.53,0.6350000000000001,0.6350000000000001,0.0
Cho2017,13,200,64,5,0.015,csp,1.246878021293943,0.3625598911401573,0.36083185372149046,0.051134916469617736,2,2,1,0.0318;0.2593;0.3608;0.3361;0.0119,0.1560;0.1875;0.1924;0.1914;0.1413,0.8049999999999999,0.6900000000000001,0.62,0.6,0.6199999999999999,-0.18499999999999994,0.0,0.7949999999999999,0.67,0.785,0.785,0.0
Cho2017,14,200,64,5,0.015,csp,0.36616346198579136,1.2432744504483089,0.8863572411671455,0.12134511644150814,0,0,1,0.8864;0.0003;0.0003;0.1115;0.0015,0.2821;0.1608;0.1619;0.2510;0.1868,0.905,0.9100000000000001,0.9099999999999999,0.905,0.8800000000000001,0.004999999999999893,0.0050000000000001155,0.905,0.8949999999999999,0.8950000000000001,0.8950000000000001,0.0
Cho2017,15,200,64,5,0.015,csp,1.0528388956205963,0.556599016813504,0.6332147776236424,0.06118420949901965,1,1,1,0.0890;0.6332;0.0107;0.0639;0.2031,0.1838;0.2132;0.1521;0.1788;0.1962,0.585,0.555,0.51,0.5199999999999999,0.52,-0.07499999999999996,0.0,0.595,0.615,0.605,0.605,0.0
Cho2017,16,200,64,5,0.015,csp,1.4722379713515126,0.1371999410825877,0.3529427149216191,0.019997168123064568,1,1,1,0.1531;0.3529;0.1044;0.0931;0.2965,0.1688;0.1813;0.1630;0.1613;0.1787,0.52,0.515,0.53,0.525,0.545,0.010000000000000009,0.025000000000000022,0.525,0.515,0.5349999999999999,0.5349999999999999,0.0
Cho2017,17,200,64,5,0.015,csp,1.3714029243098929,0.23803498812420743,0.41131089247864905,0.03322342050809948,1,1,1,0.3046;0.4113;0.0994;0.1398;0.0449,0.1558;0.1603;0.1390;0.1442;0.1271,0.5050000000000001,0.515,0.52,0.535,0.5549999999999999,0.014999999999999902,0.04999999999999982,0.495,0.45,0.505,0.505,0.0
Cho2017,18,200,64,5,0.015,csp,1.1146780894622057,0.4947598229718946,0.5895862536523168,0.10192243640393858,4,4,1,0.0007;0.1341;0.0894;0.1862;0.5896,0.0829;0.1627;0.1566;0.1676;0.1849,0.6399999999999999,0.585,0.585,0.5700000000000001,0.555,-0.05499999999999994,0.0,0.64,0.55,0.635,0.635,0.0
Cho2017,19,200,64,5,0.015,csp,1.1294010565147803,0.48003685591932,0.613305097258683,0.05906574331528572,3,3,1,0.0120;0.1172;0.1467;0.6133;0.1109,0.0979;0.1322;0.1355;0.1570;0.1313,0.6,0.5700000000000001,0.575,0.5900000000000001,0.5850000000000001,-0.025000000000000022,0.0,0.575,0.58,0.575,0.575,0.0
Cho2017,20,200,64,5,0.015,csp,1.0085995797533909,0.6008383326807094,0.694353103100302,0.044102455266899265,0,0,1,0.6944;0.0571;0.1289;0.0830;0.0367,0.1816;0.1441;0.1563;0.1497;0.1375,0.64,0.59,0.58,0.5349999999999999,0.46499999999999997,-0.06000000000000005,0.0,0.595,0.615,0.595,0.595,0.0
Cho2017,21,200,64,5,0.015,csp,1.3002055156460692,0.30923239678803105,0.3736720742833247,0.053112183015219694,2,2,1,0.0108;0.3684;0.3737;0.1361;0.1110,0.1314;0.1843;0.1845;0.1693;0.1663,0.625,0.585,0.5799999999999998,0.53,0.505,-0.04500000000000015,0.0,0.645,0.55,0.62,0.62,0.0
Cho2017,22,200,64,5,0.015,csp,0.7070094726610043,0.902428439773096,0.8133555651111355,0.05866102668734338,3,3,1,0.0242;0.0163;0.0795;0.8134;0.0666,0.1512;0.1452;0.1690;0.2039;0.1664,0.5199999999999999,0.48,0.49000000000000005,0.48500000000000004,0.51,-0.02999999999999986,0.0,0.525,0.515,0.5250000000000001,0.5250000000000001,0.0
Cho2017,23,200,64,5,0.015,csp,0.080774448622945,1.5286634638111554,0.9878285856649508,0.10108268136967041,1,1,1,0.0017;0.9878;0.0041;0.0052;0.0012,0.1515;0.2466;0.1643;0.1677;0.1455,0.685,0.75,0.775,0.78,0.78,0.08999999999999997,0.09499999999999997,0.71,0.8099999999999999,0.7100000000000001,0.7100000000000001,0.0
Cho2017,24,200,64,5,0.015,csp,0.4552948802381098,1.1541430321959905,0.8966955607723591,0.07226608429348319,2,2,1,0.0072;0.0144;0.8967;0.0368;0.0448,0.1429;0.1531;0.2151;0.1673;0.1702,0.5650000000000001,0.5349999999999999,0.5399999999999999,0.5399999999999999,0.5399999999999999,-0.025000000000000133,0.0,0.575,0.5449999999999999,0.5700000000000001,0.5700000000000001,0.0
Cho2017,25,200,64,5,0.015,csp,1.43018291955126,0.1792549928828402,0.3554153239674049,0.027508217789840084,2,2,1,0.3140;0.1710;0.3554;0.1028;0.0568,0.1365;0.1274;0.1384;0.1198;0.1109,0.5399999999999999,0.5349999999999999,0.5449999999999999,0.52,0.475,0.0050000000000000044,0.0050000000000000044,0.55,0.45499999999999996,0.5399999999999999,0.5399999999999999,0.0
Cho2017,26,200,64,5,0.015,csp,0.42028089560519466,1.1891570168289056,0.9116107660603164,0.058538015661133175,1,1,1,0.0184;0.9116;0.0274;0.0228;0.0198,0.1247;0.1833;0.1307;0.1279;0.1258,0.7,0.72,0.72,0.6950000000000001,0.6799999999999999,0.020000000000000018,0.020000000000000018,0.6950000000000001,0.71,0.735,0.735,0.0
Cho2017,27,200,64,5,0.015,csp,1.3540473045708654,0.25539060786323486,0.43319834226879245,0.03314612317160484,0,0,1,0.4332;0.0475;0.1355;0.2942;0.0895,0.1826;0.1494;0.1651;0.1768;0.1589,0.545,0.5549999999999999,0.5599999999999999,0.5650000000000001,0.5599999999999999,0.014999999999999902,0.020000000000000018,0.595,0.5700000000000001,0.6,0.6,0.0
Cho2017,28,200,64,5,0.015,csp,0.322804506369046,1.2866334060650542,0.9218008466798334,0.10116900270155782,0,0,1,0.9218;0.0625;0.0129;0.0011;0.0017,0.1887;0.1483;0.1246;0.0875;0.0943,0.54,0.5599999999999999,0.55,0.5199999999999999,0.53,0.010000000000000009,0.019999999999999907,0.595,0.59,0.585,0.585,0.0
Cho2017,29,200,64,5,0.015,csp,0.9414791333446135,0.6679587790894868,0.5845943395137727,0.06209339213959486,1,1,1,0.3405;0.5846;0.0476;0.0093;0.0180,0.1379;0.1460;0.1084;0.0839;0.0938,0.5650000000000001,0.555,0.5449999999999999,0.55,0.5399999999999999,-0.02000000000000013,0.0,0.5450000000000002,0.575,0.55,0.55,0.0
Cho2017,30,200,64,5,0.015,csp,1.3185460313307673,0.29089188110333297,0.4446854642183862,0.03953564135705173,3,3,1,0.0319;0.0702;0.2762;0.4447;0.1771,0.1535;0.1653;0.1858;0.1930;0.1792,0.57,0.5650000000000001,0.5549999999999999,0.5399999999999999,0.545,-0.015000000000000013,0.0,0.6,0.53,0.595,0.595,0.0
Cho2017,31,200,64,5,0.015,csp,1.2002361307924554,0.4092017816416449,0.5177058031079426,0.03854195950317493,2,2,1,0.1039;0.0433;0.5177;0.2954;0.0396,0.1992;0.1861;0.2233;0.2149;0.1847,0.54,0.515,0.465,0.45499999999999996,0.45499999999999996,-0.07500000000000001,0.0,0.5349999999999999,0.495,0.55,0.55,0.0
Cho2017,32,200,64,5,0.015,csp,1.091531681491322,0.5179062309427782,0.5022772039113893,0.07711106703522685,2,2,1,0.0029;0.0501;0.5023;0.3588;0.0859,0.1455;0.1881;0.2226;0.2176;0.1962,0.48999999999999994,0.425,0.375,0.41000000000000003,0.41500000000000004,-0.11499999999999994,0.0,0.47000000000000003,0.48,0.48500000000000004,0.48500000000000004,0.0
Cho2017,33,200,64,5,0.015,csp,0.9487375714225997,0.6607003410115005,0.615797298913458,0.09739041477315719,1,1,1,0.0009;0.6158;0.2892;0.0359;0.0582,0.1063;0.2037;0.1923;0.1610;0.1683,0.505,0.51,0.505,0.5,0.48999999999999994,0.0,0.0050000000000000044,0.45,0.45499999999999996,0.465,0.465,0.0
Cho2017,34,200,64,5,0.015,csp,1.3240994192254931,0.28533849320860716,0.43520031503510376,0.03993385173067229,2,2,1,0.2086;0.2602;0.4352;0.0655;0.0304,0.1204;0.1238;0.1315;0.1031;0.0915,0.5549999999999999,0.55,0.55,0.5650000000000001,0.575,-0.004999999999999893,0.020000000000000018,0.5700000000000001,0.5449999999999999,0.5800000000000001,0.5800000000000001,0.0
Cho2017,35,200,64,5,0.015,csp,0.5256261654645816,1.0838117469695185,0.868010290112012,0.08990057162864049,4,4,1,0.0022;0.0153;0.0463;0.0681;0.8680,0.1992;0.2285;0.2451;0.2509;0.2891,0.7949999999999999,0.795,0.785,0.775,0.78,-0.009999999999999898,1.1102230246251565e-16,0.7849999999999999,0.8099999999999999,0.79,0.79,0.0
Cho2017,36,200,64,5,0.015,csp,1.2090948751302322,0.4003430373038681,0.5545574719683408,0.04407820676699867,0,0,1,0.5546;0.0294;0.2236;0.1219;0.0705,0.1255;0.0814;0.1119;0.1028;0.0946,0.525,0.575,0.5800000000000001,0.625,0.59,0.05500000000000005,0.09999999999999998,0.5449999999999999,0.545,0.5599999999999999,0.5599999999999999,0.0
Cho2017,37,200,64,5,0.015,csp,1.1302273329400554,0.4792105794940449,0.5956464805844861,0.06597711605116136,4,4,1,0.0073;0.1301;0.1810;0.0859;0.5956,0.1193;0.1625;0.1674;0.1562;0.1853,0.78,0.79,0.77,0.7350000000000001,0.695,-0.010000000000000009,0.010000000000000009,0.7649999999999999,0.7100000000000001,0.765,0.765,0.0
Cho2017,38,200,64,5,0.015,csp,1.4222403887005355,0.1871975237335648,0.458890427809948,0.022513821355141433,1,1,1,0.1036;0.4589;0.1023;0.1861;0.1492,0.1558;0.1781;0.1556;0.1646;0.1613,0.54,0.5450000000000002,0.555,0.51,0.51,0.015000000000000013,0.015000000000000013,0.5650000000000001,0.5149999999999999,0.555,0.555,0.0
Cho2017,39,200,64,5,0.015,csp,1.3072403560925752,0.3021975563415251,0.35547974704160956,0.09137874154979608,2,2,1,0.0008;0.2075;0.3555;0.3269;0.1094,0.0873;0.1706;0.1787;0.1774;0.1610,0.625,0.615,0.575,0.52,0.51,-0.050000000000000044,0.0,0.635,0.5800000000000001,0.6549999999999999,0.6549999999999999,0.0
Cho2017,40,200,64,5,0.015,csp,1.0450758274050225,0.5643620850290778,0.571330217101021,0.11190253891914276,1,1,1,0.0003;0.5713;0.1704;0.2374;0.0205,0.0673;0.1792;0.1610;0.1660;0.1293,0.48999999999999994,0.49000000000000005,0.495,0.5549999999999999,0.55,0.00500000000000006,0.065,0.53,0.515,0.52,0.52,0.0
Cho2017,41,200,64,5,0.015,csp,1.2803101502634533,0.329127762170647,0.38808382626144544,0.05968417278737376,4,4,1,0.0073;0.1038;0.1389;0.3619;0.3881,0.1449;0.1848;0.1892;0.2035;0.2046,0.685,0.615,0.595,0.5650000000000001,0.5650000000000001,-0.09000000000000008,0.0,0.715,0.5650000000000001,0.7150000000000001,0.7150000000000001,0.0
Cho2017,42,200,64,5,0.015,csp,1.178394520877469,0.4310433915566312,0.5742179353275845,0.061157704563628484,4,4,1,0.0097;0.1035;0.1609;0.1517;0.5742,0.1760;0.2115;0.2181;0.2172;0.2372,0.52,0.52,0.5449999999999999,0.51,0.5050000000000001,0.02499999999999991,0.02499999999999991,0.5349999999999999,0.53,0.5549999999999999,0.5549999999999999,0.0
Cho2017,43,200,64,5,0.015,csp,0.15822113578051464,1.4512167766535857,0.965047802160178,0.12900113421077844,1,1,1,0.0337;0.9650;0.0006;0.0002;0.0005,0.2569;0.3072;0.1956;0.1782;0.1940,0.9549999999999998,0.95,0.95,0.95,0.95,-0.004999999999999893,0.0,0.97,0.9199999999999999,0.97,0.97,0.0
Cho2017,44,200,64,5,0.015,csp,1.2510767273740904,0.3583611850600099,0.5107186748780478,0.05895256183950148,2,2,1,0.0100;0.2201;0.5107;0.1183;0.1408,0.0660;0.1123;0.1249;0.1030;0.1056,0.765,0.765,0.77,0.725,0.6950000000000001,0.0050000000000000044,0.0050000000000000044,0.76,0.755,0.76,0.76,0.0
Cho2017,45,200,64,5,0.015,csp,1.498124727697338,0.11131318473676233,0.3612161530275714,0.020415656734308257,2,2,1,0.1343;0.2523;0.3612;0.1596;0.0926,0.1370;0.1464;0.1518;0.1396;0.1314,0.43000000000000005,0.43499999999999994,0.41999999999999993,0.39499999999999996,0.385,-0.01000000000000012,0.004999999999999893,0.465,0.45,0.45499999999999996,0.45499999999999996,0.0
Cho2017,46,240,64,5,0.015,csp,1.0924076263300049,0.5170302861040954,0.6569436344434599,0.03903585406861737,1,1,1,0.0685;0.6569;0.0487;0.1409;0.0850,0.1154;0.1493;0.1103;0.1262;0.1187,0.775,0.7625,0.7375,0.6875,0.6125,-0.03749999999999998,0.0,0.7916666666666666,0.625,0.8041666666666668,0.8041666666666668,0.0
Cho2017,47,200,64,5,0.015,csp,1.1336020799463797,0.47583583248772054,0.6127395907027712,0.04766331011279659,4,4,1,0.0674;0.0255;0.1177;0.1767;0.6127,0.0985;0.0840;0.1069;0.1130;0.1316,0.49499999999999994,0.5000000000000001,0.5050000000000001,0.54,0.55,0.010000000000000175,0.055000000000000104,0.495,0.53,0.5,0.5,0.0
Cho2017,48,200,64,5,0.015,csp,0.0565485553399137,1.5528893570941866,0.9911565895907068,0.13817167005102962,1,1,1,0.0002;0.9912;0.0018;0.0067;0.0001,0.1005;0.2285;0.1342;0.1536;0.0903,0.765,0.8,0.8149999999999998,0.82,0.82,0.04999999999999982,0.05499999999999994,0.805,0.8699999999999999,0.8099999999999999,0.8099999999999999,0.0
Cho2017,49,200,64,5,0.015,csp,1.3438343754652515,0.26560353696884875,0.47528139805134473,0.04123824373491766,1,1,1,0.2019;0.4753;0.0304;0.1330;0.1595,0.1961;0.2089;0.1677;0.1898;0.1925,0.725,0.7150000000000001,0.7100000000000001,0.6749999999999999,0.65,-0.014999999999999902,0.0,0.74,0.595,0.72,0.72,0.0
Cho2017,50,200,64,5,0.015,csp,0.9236094803460453,0.685828432088055,0.6992648054289555,0.0822108236673218,2,2,1,0.0029;0.0555;0.6993;0.1640;0.0783,0.1641;0.2083;0.2463;0.2246;0.2135,0.7849999999999999,0.8300000000000001,0.8400000000000001,0.85,0.845,0.05500000000000016,0.06500000000000006,0.825,0.835,0.845,0.845,0.0
Cho2017,51,200,64,5,0.015,csp,0.896241375621113,0.7131965368129873,0.7387136712483797,0.05759730455499376,3,3,1,0.0159;0.1100;0.0610;0.7387;0.0744,0.1201;0.1491;0.1403;0.1777;0.1432,0.505,0.5,0.51,0.505,0.515,0.0050000000000000044,0.010000000000000009,0.49499999999999994,0.55,0.495,0.495,0.0
Cho2017,52,200,64,5,0.015,csp,1.3336157615763566,0.27582215085774364,0.35330040746882285,0.04466446771521723,0,0,1,0.3533;0.3141;0.2451;0.0695;0.0180,0.1849;0.1832;0.1795;0.1606;0.1403,0.655,0.635,0.625,0.615,0.5900000000000001,-0.030000000000000027,0.0,0.6900000000000001,0.6199999999999999,0.6900000000000001,0.6900000000000001,0.0
Dreyer2023,1,240,27,5,0.015,csp,0.21997365528959967,1.3894642571445006,0.9558889021035384,0.10532514084065345,0,0,1,0.9559;0.0190;0.0009;0.0228;0.0014,0.1730;0.1142;0.0676;0.1169;0.0749,0.7875000000000001,0.8791666666666668,0.8708333333333333,0.875,0.875,0.08333333333333326,0.09166666666666667,0.8125,0.8375,0.8291666666666668,0.8291666666666668,0.0
Dreyer2023,2,240,27,5,0.015,csp,0.7976061842709005,0.8118317281631998,0.7761969555303867,0.06294881181125406,1,1,1,0.0595;0.7762;0.0470;0.1057;0.0117,0.0420;0.0805;0.0384;0.0506;0.0176,0.5791666666666667,0.5958333333333334,0.5958333333333333,0.5999999999999999,0.6208333333333333,0.016666666666666607,0.04166666666666663,0.5916666666666667,0.5958333333333333,0.5833333333333334,0.5833333333333334,0.0
Dreyer2023,3,240,27,5,0.015,csp,0.0438031013195649,1.5656348111145353,0.9937359752462677,0.1204416503391367,4,4,1,0.0043;0.0005;0.0003;0.0012;0.9937,0.0978;0.0652;0.0590;0.0781;0.1795,0.9333333333333333,0.975,0.9666666666666666,0.9666666666666666,0.9666666666666666,0.033333333333333215,0.04166666666666663,0.9625,0.9791666666666666,0.9625,0.9625,0.0
Dreyer2023,4,240,27,5,0.015,csp,1.192802256575852,0.41663565585824824,0.4904751065491819,0.04347413507339856,3,3,1,0.1403;0.0307;0.0270;0.4905;0.3115,0.0547;0.0319;0.0300;0.0734;0.0666,0.7083333333333334,0.7083333333333333,0.7125000000000001,0.7083333333333333,0.6749999999999999,0.004166666666666763,0.004166666666666763,0.7125,0.675,0.725,0.725,0.0
Dreyer2023,5,240,27,5,0.015,csp,0.6085923653153265,1.0008455471187738,0.8464872409982197,0.06219348968261024,0,0,1,0.8465;0.0747;0.0171;0.0134;0.0484,0.1007;0.0643;0.0421;0.0385;0.0577,0.6625,0.6666666666666666,0.6875,0.7125,0.7125,0.025000000000000022,0.050000000000000044,0.6625,0.6458333333333333,0.6541666666666667,0.6541666666666667,0.0
Dreyer2023,6,240,27,5,0.015,csp,0.20272907467535767,1.4067088377587427,0.9625574486748038,0.09187734077600296,0,0,1,0.9626;0.0050;0.0124;0.0180;0.0021,0.1023;0.0233;0.0370;0.0426;0.0104,0.7791666666666666,0.8083333333333333,0.8166666666666668,0.8083333333333333,0.8083333333333333,0.0375000000000002,0.0375000000000002,0.7791666666666666,0.8,0.7916666666666666,0.7916666666666666,0.0
Dreyer2023,7,240,27,5,0.015,csp,1.2475927522213126,0.3618451602127877,0.5503194983891444,0.04039702240725698,0,0,1,0.5503;0.1995;0.1215;0.0914;0.0372,0.0839;0.0686;0.0612;0.0569;0.0435,0.6916666666666667,0.6874999999999999,0.6833333333333333,0.6583333333333334,0.6166666666666667,-0.008333333333333304,0.0,0.725,0.5874999999999999,0.7333333333333334,0.7333333333333334,0.0
Dreyer2023,8,240,27,5,0.015,csp,1.2776733845341495,0.3317645278999508,0.5166666515782847,0.03458736641479701,0,0,1,0.5167;0.1592;0.0549;0.2178;0.0515,0.0666;0.0490;0.0330;0.0537;0.0320,0.6875000000000001,0.6666666666666667,0.6541666666666667,0.6125,0.625,-0.03333333333333344,0.0,0.6833333333333333,0.6291666666666667,0.6875000000000001,0.6875000000000001,0.0
Dreyer2023,9,240,27,5,0.015,csp,1.1179240377142767,0.49151387471982355,0.6400573058583705,0.03839502078121765,1,1,1,0.1345;0.6401;0.0495;0.1226;0.0534,0.0686;0.0920;0.0536;0.0672;0.0548,0.7874999999999999,0.8125,0.8083333333333333,0.8125,0.8125,0.02083333333333348,0.025000000000000133,0.8083333333333333,0.7583333333333333,0.8208333333333332,0.8208333333333332,0.0
Dreyer2023,10,240,27,5,0.015,csp,0.5434368301035931,1.0660010823305073,0.825999068714325,0.11292573120949664,1,1,1,0.0164;0.8260;0.0004;0.0055;0.1516,0.1254;0.1841;0.0712;0.1090;0.1587,0.8833333333333334,0.9,0.9,0.8958333333333333,0.9,0.016666666666666607,0.016666666666666607,0.8791666666666667,0.8916666666666668,0.8708333333333333,0.8708333333333333,0.0
Dreyer2023,11,240,27,5,0.015,csp,0.8513903319849898,0.7580475804491105,0.7154429561685336,0.0556708542850777,1,1,1,0.2018;0.7154;0.0196;0.0175;0.0457,0.0849;0.1039;0.0499;0.0482;0.0626,0.7,0.7375,0.7375,0.7291666666666667,0.6958333333333333,0.03750000000000009,0.03750000000000009,0.7,0.6458333333333334,0.7083333333333334,0.7083333333333334,0.0
Dreyer2023,12,240,27,5,0.015,csp,1.0463845290438991,0.5630533833902012,0.6647231824859617,0.05167946156849876,0,0,1,0.6647;0.0605;0.0212;0.1316;0.1219,0.0827;0.0467;0.0310;0.0584;0.0572,0.6375,0.6541666666666666,0.6541666666666667,0.625,0.6083333333333333,0.01666666666666672,0.01666666666666672,0.6583333333333333,0.6083333333333333,0.6458333333333334,0.6458333333333334,0.0
Dreyer2023,13,240,27,5,0.015,csp,1.2548372058086399,0.3546007066254604,0.4350255401566271,0.040822937684666355,2,2,1,0.3582;0.0633;0.4350;0.1149;0.0286,0.0713;0.0453;0.0742;0.0542;0.0334,0.6833333333333333,0.6541666666666667,0.6416666666666666,0.6208333333333333,0.5874999999999999,-0.04166666666666674,0.0,0.65,0.6166666666666666,0.65,0.65,0.0
Dreyer2023,14,240,27,5,0.015,csp,1.3768038978198627,0.2326340146142376,0.4803048377148481,0.032146081583230735,0,0,1,0.4803;0.1414;0.1794;0.1425;0.0563,0.0632;0.0448;0.0484;0.0449;0.0310,0.6125,0.6,0.6041666666666667,0.6083333333333333,0.6,-0.008333333333333304,0.0,0.5875000000000001,0.5791666666666667,0.5750000000000001,0.5750000000000001,0.0
Dreyer2023,15,240,27,5,0.015,csp,0.5143329781626378,1.0951049342714625,0.8599779927285403,0.07811416266023435,0,0,1,0.8600;0.0047;0.0251;0.1040;0.0062,0.1376;0.0595;0.0846;0.1059;0.0637,0.75,0.7583333333333333,0.7666666666666667,0.7875,0.7750000000000001,0.01666666666666672,0.03749999999999998,0.7583333333333333,0.8041666666666666,0.7666666666666667,0.7666666666666667,0.0
Dreyer2023,16,240,27,5,0.015,csp,1.4153576211328396,0.1940802913012607,0.42077541376654015,0.03027848121151358,4,4,1,0.2447;0.0559;0.1621;0.1165;0.4208,0.0729;0.0508;0.0668;0.0618;0.0811,0.6333333333333333,0.6375,0.6708333333333333,0.6166666666666667,0.5875,0.03749999999999998,0.03749999999999998,0.6416666666666666,0.5916666666666666,0.6458333333333333,0.6458333333333333,0.0
Dreyer2023,17,240,27,5,0.015,csp,1.5734757193029565,0.035962193131143794,0.2564208521370257,0.011476378531627363,0,0,1,0.2564;0.1624;0.2139;0.2480;0.1193,0.0751;0.0683;0.0724;0.0746;0.0637,0.6208333333333333,0.6291666666666667,0.6500000000000001,0.6416666666666667,0.5958333333333333,0.029166666666666785,0.029166666666666785,0.6333333333333334,0.4791666666666667,0.625,0.625,0.0
Dreyer2023,18,240,27,5,0.015,csp,0.7339763407688249,0.8754615716652754,0.5360163271458173,0.0957189130542741,3,3,1,0.4569;0.0043;0.0020;0.5360;0.0009,0.1579;0.0878;0.0762;0.1603;0.0646,0.8541666666666667,0.8958333333333333,0.8875,0.8791666666666668,0.875,0.033333333333333215,0.04166666666666652,0.8666666666666666,0.9125,0.8625,0.8625,0.0
Dreyer2023,19,240,27,5,0.015,csp,0.007234641987434428,1.6022032704466658,0.9990997862770278,0.2213910060636668,0,0,1,0.9991;0.0000;0.0000;0.0009;0.0000,0.2838;0.0841;0.0624;0.1786;0.0728,0.9333333333333332,0.9541666666666666,0.9541666666666666,0.9541666666666666,0.9541666666666666,0.02083333333333337,0.02083333333333337,0.9375,0.9416666666666667,0.9375,0.9375,0.0
Dreyer2023,20,240,27,5,0.015,csp,0.11689582386777125,1.492542088566329,0.9785077612255693,0.10241091295785534,3,3,1,0.0181;0.0011;0.0011;0.9785;0.0013,0.1126;0.0700;0.0701;0.1724;0.0728,0.8958333333333334,0.8958333333333333,0.8833333333333332,0.8708333333333332,0.8458333333333332,-0.012500000000000178,0.0,0.9,0.8375,0.9041666666666666,0.9041666666666666,0.0
Dreyer2023,21,240,27,5,0.015,csp,1.1301290379789597,0.4793088744551406,0.5918124467379607,0.06252073104912845,3,3,1,0.0668;0.1572;0.1750;0.5918;0.0092,0.0728;0.0856;0.0872;0.1055;0.0430,0.6833333333333333,0.6874999999999999,0.6875,0.7333333333333334,0.7,0.004166666666666652,0.050000000000000044,0.7083333333333333,0.7375,0.6958333333333333,0.6958333333333333,0.0
Dreyer2023,22,240,27,5,0.015,csp,0.005745978264604303,1.603691934169496,0.9993876309933474,0.14815289853476282,1,1,1,0.0004;0.9994;0.0001;0.0001;0.0001,0.0912;0.2081;0.0599;0.0663;0.0645,0.8375,0.9083333333333334,0.8875,0.8833333333333334,0.8833333333333334,0.04999999999999993,0.07083333333333341,0.8833333333333334,0.9375,0.8833333333333332,0.8833333333333332,0.0
Dreyer2023,23,240,27,5,0.015,csp,0.7854577979352124,0.8239801144988879,0.7744184885610463,0.059496223957674094,0,0,1,0.7744;0.1238;0.0275;0.0596;0.0147,0.1127;0.0852;0.0626;0.0742;0.0532,0.7083333333333334,0.7333333333333333,0.725,0.7166666666666666,0.6958333333333333,0.016666666666666607,0.02499999999999991,0.7375,0.7208333333333334,0.7291666666666666,0.7291666666666666,0.0
Dreyer2023,24,240,27,5,0.015,csp,0.5689783174214104,1.04045959501269,0.8397714350578093,0.09831788383466564,0,0,1,0.8398;0.0012;0.0530;0.1009;0.0052,0.1922;0.0939;0.1508;0.1604;0.1159,0.9333333333333333,0.9458333333333334,0.9333333333333333,0.9333333333333332,0.8791666666666667,0.0,0.012500000000000067,0.9458333333333334,0.9,0.9458333333333334,0.9458333333333334,0.0
Dreyer2023,25,240,27,5,0.015,csp,0.2646262845527529,1.3448116278813473,0.9391889214833183,0.1476250201536967,0,0,1,0.9392;0.0455;0.0001;0.0151;0.0000,0.2199;0.1745;0.0879;0.1579;0.0722,0.8833333333333332,0.9166666666666666,0.9041666666666666,0.8833333333333332,0.8916666666666666,0.02083333333333337,0.03333333333333344,0.8958333333333333,0.9458333333333332,0.9,0.9,0.0
Dreyer2023,26,240,27,5,0.015,csp,0.9007643737195232,0.7086735387145771,0.6628247130975419,0.05703478215556876,1,1,1,0.2570;0.6628;0.0475;0.0179;0.0148,0.0974;0.1116;0.0721;0.0574;0.0545,0.7666666666666667,0.7458333333333333,0.7583333333333334,0.7666666666666667,0.75,-0.008333333333333304,0.0,0.7791666666666667,0.7416666666666667,0.7666666666666667,0.7666666666666667,0.0
Dreyer2023,27,240,27,5,0.015,csp,1.456770211782253,0.15266770065184732,0.382677604962662,0.029353524214249055,1,1,1,0.1728;0.3827;0.2387;0.0541;0.1517,0.0709;0.0828;0.0757;0.0535;0.0689,0.4875000000000001,0.4916666666666666,0.5208333333333334,0.5416666666666667,0.5416666666666667,0.03333333333333327,0.05416666666666664,0.5125,0.5458333333333333,0.5,0.5,0.0
Dreyer2023,28,240,27,5,0.015,csp,1.5214479059544457,0.0879900064796546,0.35609798265798337,0.018119428181891967,3,3,1,0.1644;0.1483;0.1064;0.3561;0.2248,0.0412;0.0397;0.0347;0.0528;0.0459,0.5625,0.575,0.5791666666666667,0.5791666666666666,0.6,0.01666666666666672,0.03749999999999998,0.5833333333333333,0.55,0.575,0.575,0.0
Dreyer2023,29,240,27,5,0.015,csp,1.1128443638729435,0.4965935485611568,0.6011337137960696,0.048049071292522755,0,0,1,0.6011;0.2297;0.0611;0.0837;0.0244,0.0661;0.0517;0.0318;0.0365;0.0181,0.6208333333333333,0.6333333333333334,0.6500000000000001,0.6375000000000001,0.6416666666666666,0.029166666666666785,0.029166666666666785,0.6583333333333333,0.5833333333333333,0.6541666666666667,0.6541666666666667,0.0
Dreyer2023,30,240,27,5,0.015,csp,1.3416810122212324,0.2677569002128679,0.38209633603148196,0.04662904936105458,0,0,1,0.3821;0.3030;0.2084;0.0895;0.0171,0.0737;0.0702;0.0646;0.0519;0.0270,0.6583333333333333,0.6833333333333333,0.6958333333333334,0.6708333333333334,0.6291666666666667,0.03750000000000009,0.03750000000000009,0.6833333333333333,0.6625,0.6833333333333332,0.6833333333333332,0.0
Dreyer2023,31,240,27,5,0.015,csp,1.328888320641333,0.2805495917927672,0.38952398151147855,0.04159231182682438,3,3,1,0.2826;0.2426;0.0243;0.3895;0.0609,0.0572;0.0549;0.0204;0.0620;0.0342,0.6375,0.6458333333333333,0.6416666666666667,0.6708333333333333,0.5958333333333334,0.004166666666666763,0.033333333333333326,0.6375,0.5875,0.6375,0.6375,0.0
Dreyer2023,32,240,27,5,0.015,csp,1.2137567809081569,0.3956811315259434,0.5469877007303987,0.051905473153091936,0,0,1,0.5470;0.2156;0.0927;0.1276;0.0172,0.1005;0.0865;0.0739;0.0787;0.0486,0.6791666666666667,0.6708333333333333,0.675,0.6625,0.65,-0.004166666666666652,0.0,0.7124999999999999,0.675,0.6958333333333334,0.6958333333333334,0.0
Dreyer2023,33,240,27,5,0.015,csp,1.190172186608038,0.41926572582606236,0.5299134244690022,0.05300520257448474,1,1,1,0.2631;0.5299;0.0155;0.0631;0.1284,0.1140;0.1245;0.0715;0.0926;0.1032,0.8541666666666667,0.8583333333333332,0.8416666666666668,0.7958333333333334,0.7583333333333334,-0.012499999999999956,0.00416666666666643,0.8541666666666667,0.6875,0.8541666666666666,0.8541666666666666,0.0
Dreyer2023,34,240,27,5,0.015,csp,1.3914036697442036,0.21803424268989668,0.4607603153003616,0.029118387291016623,2,2,1,0.1399;0.2202;0.4608;0.0661;0.1130,0.0599;0.0667;0.0778;0.0487;0.0567,0.65,0.6625,0.6458333333333333,0.625,0.625,-0.004166666666666763,0.012499999999999956,0.7208333333333333,0.6083333333333334,0.7291666666666666,0.7291666666666666,0.0
Dreyer2023,35,240,27,5,0.015,csp,0.10822584352917906,1.5012120689049213,0.9819452911180712,0.09706249200335357,0,0,1,0.9819;0.0017;0.0121;0.0028;0.0015,0.1698;0.0747;0.1039;0.0817;0.0728,0.9083333333333334,0.9333333333333333,0.925,0.925,0.9166666666666666,0.016666666666666607,0.02499999999999991,0.9291666666666666,0.9208333333333334,0.9208333333333334,0.9208333333333334,0.0
Dreyer2023,36,240,27,5,0.015,csp,0.7354209610583615,0.8740169513757388,0.7970040819081301,0.061145227663331386,0,0,1,0.7970;0.0467;0.1112;0.0315;0.0135,0.0880;0.0454;0.0584;0.0395;0.0268,0.725,0.7041666666666667,0.6791666666666667,0.6416666666666667,0.6125,-0.04583333333333328,0.0,0.6833333333333333,0.6166666666666666,0.6791666666666666,0.6791666666666666,0.0
Dreyer2023,37,240,27,5,0.015,csp,0.996229907496882,0.6132080049372183,0.6857309343641701,0.05684588897797749,0,0,1,0.6857;0.1203;0.0155;0.1230;0.0555,0.1076;0.0815;0.0508;0.0818;0.0699,0.7291666666666666,0.7166666666666666,0.6958333333333334,0.6916666666666667,0.6791666666666666,-0.033333333333333215,0.0,0.7083333333333333,0.725,0.7083333333333334,0.7083333333333334,0.0
Dreyer2023,38,240,27,5,0.015,csp,0.6253342126133381,0.9841036998207622,0.835170837253184,0.06071618462896716,1,1,1,0.0372;0.8352;0.0980;0.0146;0.0150,0.0745;0.1211;0.0890;0.0604;0.0609,0.7416666666666666,0.7166666666666666,0.7166666666666667,0.6833333333333333,0.6625,-0.02499999999999991,0.0,0.7333333333333333,0.7375,0.75,0.75,0.0
Dreyer2023,39,240,27,5,0.015,csp,0.5813864558374634,1.028051456596637,0.76692941517048,0.10344296003663211,1,1,1,0.2257;0.7669;0.0008;0.0053;0.0013,0.1240;0.1424;0.0390;0.0679;0.0462,0.8875,0.9083333333333332,0.8958333333333333,0.8833333333333332,0.8666666666666666,0.008333333333333304,0.02083333333333326,0.9,0.9125,0.8958333333333334,0.8958333333333334,0.0
Dreyer2023,40,232,27,5,0.015,csp,1.011046709969502,0.5983912024645983,0.6896394862053169,0.038807741833239956,0,0,1,0.6896;0.1494;0.0527;0.0563;0.0519,0.0897;0.0668;0.0512;0.0521;0.0509,0.6294172062904717,0.616836262719704,0.6170212765957447,0.5952821461609621,0.5818686401480111,-0.012395929694727026,0.0,0.6380203515263644,0.5558741905642923,0.6466234967622572,0.6466234967622572,0.0
Dreyer2023,41,240,27,5,0.015,csp,1.2515169204235037,0.3579209920105966,0.5460928026522511,0.045054964287922716,1,1,1,0.1386;0.5461;0.1796;0.1086;0.0271,0.0556;0.0762;0.0595;0.0520;0.0312,0.675,0.6958333333333334,0.6916666666666667,0.6583333333333333,0.6583333333333333,0.016666666666666607,0.02083333333333337,0.7,0.5833333333333333,0.7083333333333334,0.7083333333333334,0.0
Dreyer2023,42,240,27,5,0.015,csp,0.9563179201144988,0.6531199923196015,0.6688179471415647,0.052353583949731275,1,1,1,0.2169;0.6688;0.0689;0.0249;0.0204,0.0696;0.0865;0.0524;0.0372;0.0342,0.5999999999999999,0.5833333333333333,0.5958333333333333,0.5916666666666666,0.6083333333333333,-0.004166666666666541,0.008333333333333415,0.5875,0.5875,0.5875,0.5875,0.0
Dreyer2023,43,240,27,5,0.015,csp,0.22183073725969982,1.3876071751744004,0.9595080260299204,0.08101055284466957,0,0,1,0.9595;0.0079;0.0043;0.0139;0.0144,0.0974;0.0254;0.0164;0.0339;0.0345,0.5958333333333334,0.5916666666666667,0.65,0.6583333333333333,0.6541666666666667,0.054166666666666585,0.06249999999999989,0.5916666666666667,0.6208333333333333,0.6416666666666666,0.6416666666666666,0.0
Dreyer2023,44,240,27,5,0.015,csp,1.4614229081697219,0.1480150042643784,0.40314656554524614,0.02623185569010189,0,0,1,0.4031;0.1399;0.1744;0.2124;0.0701,0.0636;0.0478;0.0511;0.0540;0.0374,0.5791666666666666,0.5958333333333334,0.5958333333333333,0.5916666666666667,0.5708333333333334,0.01666666666666672,0.01666666666666683,0.5624999999999999,0.6083333333333333,0.575,0.575,0.0
Dreyer2023,45,240,27,5,0.015,csp,1.4919868648012076,0.11745104763289271,0.3308564777247875,0.020381038009480545,0,0,1,0.3309;0.1081;0.2796;0.1965;0.0850,0.0612;0.0444;0.0587;0.0534;0.0408,0.6375,0.65,0.6375,0.6250000000000001,0.5875,0.0,0.012500000000000067,0.6416666666666666,0.5583333333333333,0.6333333333333334,0.6333333333333334,0.0
Dreyer2023,46,240,27,5,0.015,csp,1.3481668681269332,0.2612710443071671,0.4597179754168864,0.026112096966249387,1,1,1,0.2805;0.4597;0.0806;0.0984;0.0807,0.0522;0.0596;0.0335;0.0365;0.0335,0.6208333333333333,0.6125,0.6083333333333333,0.6208333333333333,0.5916666666666666,-0.012500000000000067,0.0,0.5833333333333333,0.575,0.6041666666666667,0.6041666666666667,0.0
Dreyer2023,47,240,27,5,0.015,csp,1.2811396822060792,0.32829823022802107,0.49562627142597715,0.03503792445120618,3,3,1,0.1483;0.0533;0.0479;0.4956;0.2549,0.0580;0.0426;0.0411;0.0761;0.0661,0.6125,0.6166666666666667,0.6708333333333333,0.6541666666666666,0.6125,0.05833333333333324,0.05833333333333324,0.6333333333333333,0.5791666666666666,0.6416666666666667,0.6416666666666667,0.0
Dreyer2023,48,240,27,5,0.015,csp,0.41559631456048,1.1938415978736203,0.8999279713823144,0.09585497954234115,4,4,1,0.0076;0.0015;0.0274;0.0635;0.8999,0.0629;0.0386;0.0821;0.0947;0.1344,0.8375,0.875,0.8666666666666668,0.85,0.8166666666666667,0.029166666666666785,0.03749999999999998,0.8458333333333334,0.7625,0.8458333333333334,0.8458333333333334,0.0
Dreyer2023,49,240,27,5,0.015,csp,0.9646633243793231,0.6447745880547772,0.5110269209166014,0.0649560754661671,4,4,1,0.0598;0.0067;0.0123;0.4102;0.5110,0.0694;0.0366;0.0456;0.0983;0.1016,0.8208333333333334,0.8458333333333334,0.8458333333333334,0.8333333333333334,0.8291666666666666,0.025000000000000022,0.025000000000000022,0.8458333333333332,0.8208333333333334,0.85,0.85,0.0
Dreyer2023,50,240,27,5,0.015,csp,1.1505045142722596,0.45893339816184064,0.6347562575406892,0.03642168776490404,2,2,1,0.1096;0.1131;0.6348;0.0560;0.0865,0.0588;0.0593;0.0851;0.0487;0.0553,0.5458333333333334,0.5541666666666667,0.5416666666666667,0.5208333333333333,0.5416666666666667,-0.004166666666666652,0.008333333333333304,0.5375,0.5166666666666667,0.5333333333333333,0.5333333333333333,0.0
Dreyer2023,51,240,27,5,0.015,csp,1.3770635233754038,0.23237438905869645,0.32365132429854754,0.037185178205197955,1,1,1,0.3209;0.3237;0.2471;0.0812;0.0271,0.0691;0.0693;0.0652;0.0485;0.0321,0.6958333333333334,0.7208333333333334,0.7124999999999999,0.7000000000000001,0.6666666666666666,0.016666666666666496,0.025000000000000022,0.7208333333333333,0.625,0.7041666666666667,0.7041666666666667,0.0
Dreyer2023,52,240,27,5,0.015,csp,1.133980260382426,0.47545765205167423,0.5647738389395076,0.048297228850262136,0,0,1,0.5648;0.2526;0.0226;0.1245;0.0356,0.1198;0.1077;0.0715;0.0971;0.0783,0.8666666666666666,0.8708333333333333,0.8791666666666668,0.8625,0.8083333333333332,0.012500000000000178,0.012500000000000178,0.8958333333333334,0.8333333333333334,0.8916666666666668,0.8916666666666668,0.0
Dreyer2023,53,240,27,5,0.015,csp,1.5217621100550733,0.08767580237902695,0.30486874241475365,0.013419591157857347,2,2,1,0.1352;0.1246;0.3049;0.1325;0.3028,0.0673;0.0661;0.0795;0.0670;0.0794,0.6833333333333333,0.6916666666666667,0.6916666666666667,0.6416666666666667,0.5958333333333334,0.008333333333333304,0.008333333333333304,0.6875,0.5916666666666667,0.6875000000000001,0.6875000000000001,0.0
Dreyer2023,54,240,27,5,0.015,csp,1.1482909492041258,0.4611469632299745,0.49353594542735435,0.038660002864514376,0,0,1,0.4935;0.0499;0.3642;0.0549;0.0375,0.0817;0.0474;0.0772;0.0488;0.0431,0.6250000000000001,0.6166666666666667,0.5999999999999999,0.5916666666666666,0.5708333333333334,-0.025000000000000244,0.0,0.6416666666666666,0.5958333333333333,0.6291666666666667,0.6291666666666667,0.0
Dreyer2023,55,240,27,5,0.015,csp,0.23641265138763173,1.3730252610464686,0.9430098378078596,0.16974956147622874,0,0,1,0.9430;0.0053;0.0000;0.0517;0.0000,0.2458;0.1680;0.0761;0.2023;0.0796,0.9416666666666667,0.975,0.9541666666666666,0.9333333333333333,0.9291666666666666,0.012499999999999956,0.033333333333333326,0.9541666666666666,0.8875,0.9583333333333334,0.9583333333333334,0.0
Dreyer2023,56,240,27,5,0.015,csp,0.00940984698240068,1.6000280654516996,0.9987820892693936,0.24121214247770545,0,0,1,0.9988;0.0000;0.0012;0.0000;0.0000,0.3797;0.1556;0.2790;0.1384;0.1838,0.9708333333333332,0.9875,0.9875,0.9875,0.9875,0.01666666666666683,0.01666666666666683,0.9791666666666666,0.9916666666666668,0.9833333333333332,0.9833333333333332,0.0
Dreyer2023,57,240,27,5,0.015,csp,0.6659821962650946,0.9434557161690057,0.8149483944506349,0.05729210809225305,0,0,1,0.8149;0.0249;0.0179;0.1222;0.0201,0.0704;0.0180;0.0131;0.0419;0.0149,0.6749999999999999,0.7625,0.7666666666666667,0.7791666666666666,0.8,0.09166666666666679,0.1250000000000001,0.7583333333333332,0.8208333333333332,0.7249999999999999,0.7249999999999999,0.0
Dreyer2023,58,240,27,5,0.015,csp,1.1804038996813597,0.42903401275274056,0.48667914935285567,0.05305289293210144,4,4,1,0.0311;0.2986;0.0142;0.1695;0.4867,0.0579;0.0918;0.0461;0.0833;0.0992,0.7916666666666666,0.7916666666666667,0.8208333333333334,0.8291666666666668,0.8041666666666668,0.029166666666666785,0.0375000000000002,0.7958333333333333,0.7666666666666667,0.8,0.8,0.0
Dreyer2023,59,160,27,5,0.015,csp,0.9952550694070575,0.6141828430270427,0.6198328592281965,0.07377283211643407,0,0,1,0.6198;0.2090;0.0045;0.1525;0.0142,0.1346;0.1183;0.0609;0.1136;0.0780,0.68125,0.68125,0.675,0.7,0.65,-0.006249999999999978,0.018749999999999933,0.675,0.675,0.69375,0.69375,0.0
Dreyer2023,60,240,27,5,0.015,csp,1.2884619364622896,0.3209759759718107,0.4003429107873785,0.032905211518461874,2,2,1,0.0488;0.1327;0.4003;0.0446;0.3735,0.0578;0.0728;0.0893;0.0564;0.0883,0.5583333333333333,0.5916666666666667,0.5958333333333334,0.6041666666666667,0.5583333333333333,0.03750000000000009,0.04583333333333339,0.5875000000000001,0.5291666666666667,0.5541666666666667,0.5541666666666667,0.0
Dreyer2023,61,240,27,5,0.015,csp,0.1378054536071859,1.4716324588269143,0.9722615818782206,0.12068164585026941,1,1,1,0.0252;0.9723;0.0003;0.0011;0.0011,0.1055;0.1603;0.0397;0.0588;0.0589,0.8791666666666668,0.9041666666666666,0.8791666666666667,0.8708333333333333,0.875,-1.1102230246251565e-16,0.0249999999999998,0.8958333333333334,0.9083333333333334,0.9,0.9,0.0
Dreyer2023,62,240,27,5,0.015,csp,0.07935210085566947,1.5300858115784308,0.9863268071911071,0.11813481677028018,0,0,1,0.9863;0.0010;0.0004;0.0119;0.0004,0.1682;0.0644;0.0500;0.1019;0.0522,0.875,0.9,0.9166666666666666,0.9125,0.9083333333333334,0.04166666666666663,0.04166666666666663,0.875,0.9416666666666667,0.875,0.875,0.0
Dreyer2023,63,240,27,5,0.015,csp,1.4171121421759083,0.19232577025819197,0.38887873805815737,0.028198247018701855,0,0,1,0.3889;0.1401;0.1125;0.0593;0.2991,0.0652;0.0499;0.0466;0.0370;0.0613,0.7333333333333333,0.7416666666666666,0.7500000000000001,0.7125,0.6916666666666667,0.01666666666666683,0.01666666666666683,0.7416666666666666,0.6291666666666667,0.7333333333333333,0.7333333333333333,0.0
Dreyer2023,64,240,27,5,0.015,csp,1.3709226960899554,0.23851521634414485,0.49484326104130566,0.025289228098328426,1,1,1,0.1155;0.4948;0.1925;0.0917;0.1055,0.0525;0.0743;0.0601;0.0490;0.0511,0.6166666666666667,0.5791666666666667,0.5666666666666667,0.5625,0.5625,-0.050000000000000044,0.0,0.6,0.5875,0.5791666666666666,0.5791666666666666,0.0
Dreyer2023,65,240,27,5,0.015,csp,0.9170060723398629,0.6924318400942374,0.693167595877931,0.07859309974258194,3,3,1,0.1798;0.0860;0.0037;0.6932;0.0374,0.0948;0.0837;0.0364;0.1150;0.0712,0.8875,0.9041666666666668,0.9,0.875,0.8708333333333333,0.012500000000000067,0.01666666666666683,0.8916666666666668,0.8833333333333334,0.8958333333333333,0.8958333333333333,0.0
Dreyer2023,66,240,27,5,0.015,csp,1.5516140354553403,0.057823876978760014,0.2743504658710684,0.015411258271364608,0,0,1,0.2744;0.1889;0.0982;0.1695;0.2690,0.0740;0.0684;0.0586;0.0668;0.0737,0.7041666666666666,0.6916666666666667,0.6958333333333333,0.6875,0.6625000000000001,-0.008333333333333304,0.0,0.7000000000000001,0.7083333333333333,0.7041666666666668,0.7041666666666668,0.0
Dreyer2023,67,240,27,5,0.015,csp,1.10525358950982,0.5041843229242804,0.6252028017706165,0.04645480542494443,4,4,1,0.1170;0.1782;0.0282;0.0513;0.6252,0.0640;0.0703;0.0427;0.0516;0.0891,0.6625000000000001,0.6625000000000001,0.6458333333333333,0.6208333333333333,0.5750000000000001,-0.01666666666666683,0.0,0.675,0.5458333333333334,0.6791666666666667,0.6791666666666667,0.0
Dreyer2023,68,240,27,5,0.015,csp,1.5242907895485283,0.08514712288557202,0.3356833630002641,0.020750253141160108,0,0,1,0.3357;0.2128;0.2039;0.1634;0.0842,0.0435;0.0367;0.0360;0.0327;0.0228,0.5874999999999999,0.575,0.5875,0.5791666666666667,0.5666666666666667,1.1102230246251565e-16,1.1102230246251565e-16,0.5916666666666666,0.5625,0.5958333333333333,0.5958333333333333,0.0
Dreyer2023,69,240,27,5,0.015,csp,0.4838575520024334,1.125580360431667,0.8659286272349506,0.08456923346116915,4,4,1,0.0064;0.1076;0.0031;0.0170;0.8659,0.0969;0.1393;0.0860;0.1117;0.1706,0.8958333333333334,0.9041666666666666,0.9083333333333334,0.9083333333333334,0.9166666666666667,0.012500000000000067,0.02083333333333337,0.9166666666666666,0.8958333333333334,0.9208333333333332,0.9208333333333332,0.0
Dreyer2023,70,240,27,5,0.015,csp,1.388569541754919,0.2208683706791812,0.3492539338202705,0.03523247447862951,0,0,1,0.3493;0.3255;0.1984;0.0934;0.0333,0.0444;0.0433;0.0359;0.0246;0.0092,0.5875,0.6,0.575,0.575,0.5458333333333333,-0.012500000000000067,0.012499999999999956,0.5916666666666667,0.5458333333333334,0.5958333333333333,0.5958333333333333,0.0
Dreyer2023,71,240,27,5,0.015,csp,1.4712339937515984,0.13820391868250193,0.34336866772766633,0.029537200215074583,3,3,1,0.1741;0.0479;0.2618;0.3434;0.1728,0.0543;0.0349;0.0604;0.0645;0.0542,0.5291666666666667,0.5333333333333333,0.5416666666666667,0.5041666666666667,0.5208333333333334,0.012500000000000067,0.012500000000000067,0.525,0.4958333333333334,0.5375,0.5375,0.0
Dreyer2023,72,240,27,5,0.015,csp,1.3372548283252275,0.2721830841088728,0.4112783090914548,0.034610977039852636,0,0,1,0.4113;0.3368;0.1057;0.1052;0.0409,0.0687;0.0657;0.0483;0.0482;0.0341,0.5291666666666667,0.5333333333333333,0.5375,0.5458333333333333,0.5083333333333334,0.008333333333333304,0.016666666666666607,0.5166666666666667,0.5,0.5208333333333334,0.5208333333333334,0.0
Dreyer2023,73,240,27,5,0.015,csp,0.217124973644651,1.3923129387894493,0.9557942639437685,0.1396288288021166,3,3,1,0.0214;0.0001;0.0013;0.9558;0.0215,0.1565;0.0738;0.1139;0.2134;0.1565,0.9833333333333332,0.9625,0.9375,0.925,0.925,-0.04583333333333317,0.0,0.9875,0.9541666666666666,0.9875,0.9875,0.0
Dreyer2023,74,240,27,5,0.015,csp,1.0500491434479113,0.559388768986189,0.651113949757748,0.046371064370258036,0,0,1,0.6511;0.1706;0.1134;0.0296;0.0353,0.1005;0.0805;0.0743;0.0542;0.0568,0.7666666666666667,0.7916666666666667,0.7875,0.7916666666666667,0.7958333333333333,0.02083333333333326,0.029166666666666563,0.8041666666666666,0.7375,0.7916666666666667,0.7916666666666667,0.0
Dreyer2023,75,240,27,5,0.015,csp,0.9886039874471501,0.6208339249869502,0.6735880808607408,0.05396539285809268,0,0,1,0.6736;0.1006;0.0184;0.1740;0.0334,0.0731;0.0446;0.0192;0.0528;0.0281,0.675,0.6958333333333333,0.7083333333333334,0.7291666666666667,0.7000000000000001,0.033333333333333326,0.054166666666666696,0.7083333333333334,0.6666666666666666,0.7083333333333333,0.7083333333333333,0.0
Dreyer2023,76,240,27,5,0.015,csp,0.023485525090148618,1.5859523873439516,0.9965055076247052,0.23873919922724862,0,0,1,0.9965;0.0035;0.0000;0.0000;0.0000,0.2956;0.2106;0.0568;0.1389;0.1208,0.975,0.9666666666666666,0.9333333333333333,0.9291666666666666,0.9291666666666666,-0.04166666666666663,0.0,0.975,0.9791666666666666,0.975,0.975,0.0
Dreyer2023,77,240,27,5,0.015,csp,1.1591176853399412,0.4503202270941591,0.6118371894543222,0.036013914437651784,0,0,1,0.6118;0.1814;0.0555;0.0631;0.0882,0.0704;0.0522;0.0344;0.0363;0.0414,0.6125,0.5958333333333333,0.5833333333333334,0.5625,0.5458333333333334,-0.029166666666666674,0.0,0.5583333333333333,0.5208333333333333,0.5666666666666667,0.5666666666666667,0.0
Dreyer2023,78,240,27,5,0.015,csp,0.6671241517507015,0.9423137606833988,0.7173541948203623,0.0878618855311912,0,0,1,0.7174;0.0021;0.0111;0.2673;0.0022,0.1291;0.0412;0.0665;0.1143;0.0426,0.8208333333333334,0.825,0.8416666666666666,0.8333333333333334,0.8208333333333332,0.02083333333333315,0.02083333333333315,0.8041666666666666,0.8166666666666667,0.8083333333333333,0.8083333333333333,0.0
Dreyer2023,79,240,27,5,0.015,csp,0.044807556886867085,1.5646303555472332,0.9933763584885098,0.1806455896393129,0,0,1,0.9934;0.0043;0.0000;0.0021;0.0002,0.2298;0.1482;0.0491;0.1375;0.1013,0.9333333333333333,0.9208333333333334,0.9041666666666668,0.9041666666666668,0.9041666666666668,-0.029166666666666563,0.0,0.9458333333333334,0.9333333333333333,0.9416666666666668,0.9416666666666668,0.0
Dreyer2023,80,240,27,5,0.015,csp,1.398961329968671,0.21047658246542933,0.4760467499267125,0.02703195610045367,4,4,1,0.0785;0.1470;0.1256;0.1728;0.4760,0.0536;0.0630;0.0607;0.0654;0.0806,0.5333333333333333,0.5083333333333333,0.5166666666666667,0.5166666666666666,0.525,-0.016666666666666607,0.0,0.5291666666666667,0.525,0.5416666666666666,0.5416666666666666,0.0
Dreyer2023,81,240,27,5,0.015,csp,1.194922552934038,0.41451535950006235,0.5850914281554646,0.04430667782359218,0,0,1,0.5851;0.0977;0.0305;0.1070;0.1796,0.0918;0.0650;0.0475;0.0663;0.0741,0.5833333333333333,0.5916666666666666,0.6,0.6083333333333333,0.5958333333333333,0.01666666666666672,0.025000000000000022,0.5875000000000001,0.6249999999999999,0.6125,0.6125,0.0
Dreyer2023,82,240,27,5,0.015,csp,1.2780600188190634,0.3313778936150369,0.4235120114123857,0.04316336376414351,2,2,1,0.3535;0.1131;0.4235;0.0238;0.0860,0.0612;0.0442;0.0640;0.0208;0.0401,0.5750000000000001,0.5625,0.5583333333333333,0.5291666666666667,0.5333333333333333,-0.01666666666666672,0.0,0.5791666666666666,0.5666666666666667,0.5791666666666666,0.5791666666666666,0.0
Dreyer2023,83,240,27,5,0.015,csp,0.7062916881909346,0.9031462242431657,0.7448657665825626,0.07765320093788167,0,0,1,0.7449;0.2183;0.0100;0.0226;0.0042,0.1256;0.1072;0.0609;0.0732;0.0480,0.7541666666666667,0.7874999999999999,0.7958333333333334,0.8041666666666668,0.8041666666666666,0.04166666666666674,0.050000000000000155,0.8,0.7916666666666667,0.8166666666666667,0.8166666666666667,0.0
Dreyer2023,84,240,27,5,0.015,csp,0.7335515749272236,0.8758863375068767,0.5292247223479237,0.09453393974578211,0,0,1,0.5292;0.0019;0.0039;0.4640;0.0010,0.1091;0.0249;0.0355;0.1071;0.0146,0.7375,0.7875,0.8083333333333332,0.8041666666666666,0.8208333333333334,0.07083333333333319,0.08333333333333337,0.7875,0.7958333333333334,0.775,0.775,0.0
Dreyer2023,85,240,27,5,0.015,csp,0.2921725371860066,1.3172653752480936,0.9367429316922496,0.1244850391733178,3,3,1,0.0419;0.0097;0.0114;0.9367;0.0002,0.1162;0.0943;0.0967;0.1628;0.0383,0.825,0.8333333333333334,0.825,0.7999999999999999,0.7958333333333333,0.0,0.008333333333333415,0.8291666666666666,0.8041666666666666,0.825,0.825,0.0
Dreyer2023,86,240,27,5,0.015,csp,1.1618839230662723,0.447553989367828,0.5920915380695386,0.0384538636191199,0,0,1,0.5921;0.2129;0.0533;0.0456;0.0961,0.0615;0.0462;0.0254;0.0230;0.0342,0.6791666666666666,0.6791666666666666,0.6583333333333333,0.6458333333333334,0.6208333333333333,-0.02083333333333326,0.0,0.6708333333333333,0.5791666666666667,0.6458333333333333,0.6458333333333333,0.0
Dreyer2023,87,240,27,5,0.015,csp,0.5157348622873361,1.0937030501467642,0.7911239574007913,0.16477806411459164,0,0,1,0.7911;0.0003;0.2085;0.0000;0.0001,0.2262;0.1076;0.2061;0.0614;0.0925,0.8958333333333333,0.8875,0.8791666666666668,0.8833333333333334,0.8916666666666668,-0.016666666666666496,0.0,0.875,0.8708333333333333,0.8833333333333334,0.8833333333333334,0.0
